SUBJECT_NUMBER,Chest,Weight,Hip,Height,Waist,Inseam
114,41.42,194.26,40.43,68.31,37.36,29.75
117,40.51,190.3,41.14,72.05,36.06,34.47
118,39.17,156.86,38.19,67.95,32.83,29.94
122,38.03,179.52,39.29,70.2,32.48,31.72
123,40.63,166.32,38.11,65.71,35.98,29.91
126,36.89,131.78,34.61,69.21,29.88,34.71
195,39.84,185.02,40.55,70.39,37.44,31.64
203,38.58,181.28,40.43,72.01,34.88,32.5
207,40.12,182.16,39.92,68.7,35.51,31.4
208,42.09,184.36,41.81,64.69,38.23,30.22
211,41.06,182.82,40.35,66.85,37.95,30.26
214,41.77,198.88,42.01,67.99,36.57,31.8
220,41.26,172.92,38.94,68.27,36.42,29.24
222,40.98,165.22,37.6,66.3,34.41,29.43
223,35.28,152.24,37.8,65.63,32.83,29.16
224,42.44,173.8,38.82,66.14,38.62,29.16
225,40.47,185.46,40.24,70.28,34.02,33.84
226,39.09,184.58,39.02,74.21,33.35,35.34
228,39.33,169.18,37.72,72.48,32.72,34.16
289,38.62,187.44,40.71,67.01,35.91,31.13
290,44.96,215.38,43.27,68.43,38.74,31.32
295,37.56,152.68,36.26,68.19,32.72,32.54
297,39.65,156.64,35.91,68.46,31.69,31.4
298,38.23,170.94,37.83,73.9,30.63,34.91
299,38.78,172.04,39.41,67.91,33.74,31.95
302,36.85,166.32,40.31,67.09,33.39,31.87
310,40.24,185.68,41.26,68.82,36.22,30.65
311,38.78,158.4,38.19,64.84,33.54,29.67
315,34.29,133.32,35.31,66.89,28.62,30.42
316,41.18,182.6,39.41,69.33,34.61,31.87
317,39.69,163.46,38.58,65.79,32.36,28.41
320,39.84,174.02,41.26,64.72,33.62,29.43
321,42.44,179.52,39.88,68.46,37.48,32.5
322,35.59,150.48,36.97,68.86,30.91,31.56
376,42.87,222.86,41.81,72.64,36.73,35.26
377,42.52,223.96,43.7,76.93,38.43,34.94
383,37.6,171.16,37.36,72.6,31.18,35.61
384,35.43,128.7,34.8,63.03,31.06,29.43
385,37.24,183.48,39.76,72.68,33.86,34.75
386,38.82,159.94,37.87,65.83,36.14,29.63
389,40.79,231.66,44.49,76.14,37.44,36.36
393,37.52,178.64,39.21,73.31,32.52,33.33
397,37.87,145.2,36.1,66.69,32.13,31.4
406,40.87,184.8,40.79,68.5,37.05,31.76
407,40.43,204.16,42.2,68.46,35.91,30.69
409,41.1,181.06,39.41,67.68,33.62,29.87
411,36.89,160.6,37.2,67.8,33.66,31.24
413,42.87,190.74,40.47,69.92,37.52,32.03
414,43.27,236.72,45.04,74.69,40.39,34.12
419,41.18,172.48,39.02,68.11,35.0,30.77
423,40.31,181.94,39.21,66.46,37.48,27.62
425,42.68,194.26,42.2,66.61,37.2,29.67
426,44.17,194.04,41.14,70.0,35.2,33.02
432,36.34,170.28,36.97,71.81,30.55,33.92
475,37.36,159.72,36.77,68.66,33.39,33.17
476,42.52,190.96,39.61,69.41,35.98,32.35
478,40.12,201.52,41.02,73.19,36.89,35.3
481,45.35,197.78,41.34,65.71,39.09,30.02
485,37.09,146.08,35.51,67.13,31.02,30.69
488,34.72,160.6,37.24,69.09,29.37,32.23
489,40.35,194.7,42.44,69.13,36.18,32.27
490,40.51,189.2,39.92,73.46,34.29,33.57
491,42.28,216.7,43.23,72.32,37.05,34.0
492,40.59,184.14,39.84,69.21,35.28,32.86
514,39.69,190.08,40.35,72.32,31.06,36.32
518,33.62,148.28,35.75,72.24,27.87,35.69
520,40.35,198.66,42.05,69.13,35.71,32.03
532,39.17,202.4,41.14,74.29,37.24,33.96
550,42.99,203.28,40.0,71.54,36.54,32.15
575,37.87,156.42,37.44,67.72,31.65,32.11
579,41.69,200.42,41.73,72.28,36.34,32.94
682,35.47,144.32,36.18,63.66,30.12,29.28
704,33.54,124.3,33.27,65.75,26.89,28.69
706,37.2,170.28,38.74,70.71,31.54,32.11
747,38.27,158.62,38.94,64.13,31.97,27.46
762,36.06,146.08,36.65,68.15,30.51,31.87
810,39.53,174.46,38.39,67.64,34.02,31.13
834,38.35,176.0,38.9,72.8,31.46,33.17
852,41.46,192.72,40.35,72.83,34.88,33.96
855,40.55,180.4,40.51,66.77,34.84,29.35
861,36.3,141.9,35.39,73.15,29.29,34.55
863,40.63,180.4,39.96,70.67,33.82,33.06
903,44.45,212.3,41.93,72.87,36.97,34.75
915,42.87,220.44,43.23,69.41,38.98,33.45
924,39.41,196.24,42.09,71.22,35.39,31.91
928,39.41,193.16,41.02,68.31,33.11,32.27
942,38.62,168.74,39.02,70.0,34.33,31.44
949,38.82,172.48,39.17,67.24,34.96,29.98
978,39.06,190.74,38.82,71.57,32.95,33.41
992,40.59,210.54,43.07,74.33,36.97,34.31
1041,42.2,228.14,42.44,73.7,38.11,34.12
1068,41.85,178.42,39.57,67.44,34.69,30.46
1076,35.94,140.58,36.34,68.78,29.45,30.34
1189,37.6,147.84,36.38,67.95,29.96,29.79
1196,37.13,166.1,37.83,69.84,31.93,31.72
1219,42.24,182.38,40.2,67.64,37.24,30.1
1223,43.23,210.32,42.48,68.5,37.4,31.72
1230,37.99,179.3,38.62,69.09,30.31,33.02
1285,37.28,157.74,37.2,68.19,32.09,32.82
1288,36.34,144.98,36.81,66.34,27.83,31.01
1291,36.97,157.3,37.05,69.45,30.47,32.11
1335,45.2,235.18,48.78,67.36,40.91,29.08
1343,40.04,165.0,36.73,69.53,31.26,31.13
1366,38.27,159.06,37.56,65.83,31.02,28.69
1368,41.46,197.12,42.13,67.32,35.28,29.2
1380,42.76,198.44,41.3,67.95,37.72,30.69
1406,37.48,150.04,36.22,71.85,29.33,33.41
1418,42.99,203.72,41.81,70.43,37.95,31.17
1432,39.45,162.58,38.27,65.39,34.13,28.65
1438,39.06,174.24,38.9,68.31,34.45,31.76
1441,38.9,185.68,38.07,73.94,31.65,35.54
1444,39.37,164.12,38.11,68.5,35.24,30.73
1463,36.54,162.8,37.87,68.43,32.09,31.8
1464,43.15,195.14,40.16,72.32,36.14,33.33
1468,39.84,183.92,40.2,68.62,35.35,31.2
1469,38.82,185.24,40.75,73.58,31.89,34.79
1470,39.33,178.2,38.27,72.17,33.03,35.06
1474,39.57,157.74,37.48,64.72,33.74,29.2
1476,39.29,178.42,40.47,69.72,32.99,30.3
1484,43.19,203.94,41.26,70.0,37.32,32.15
1493,40.31,189.86,38.98,75.08,33.03,35.93
1496,36.18,143.22,35.39,71.1,30.2,34.08
1498,39.09,195.36,41.14,75.31,32.72,35.22
1499,40.28,164.56,37.01,73.98,30.91,34.79
1500,40.43,176.0,38.82,71.85,34.17,31.91
1501,35.24,138.6,36.02,66.54,30.16,30.18
1524,41.38,195.58,42.01,70.43,36.89,33.09
1546,36.26,156.42,37.2,70.83,28.7,33.96
1551,41.3,183.92,39.61,70.67,35.87,32.82
1558,40.0,185.24,41.22,68.54,35.87,31.4
1559,38.7,167.86,38.03,69.88,31.5,33.61
1572,37.64,152.9,36.5,67.87,31.61,32.27
1576,41.46,163.68,39.92,65.79,34.45,28.65
1589,39.84,179.08,40.12,70.28,33.74,32.35
1593,35.63,158.4,36.06,70.67,29.88,32.39
1604,36.46,141.24,35.59,68.54,31.34,32.39
1618,36.14,151.36,35.75,66.77,31.34,32.15
1648,40.79,194.7,41.46,70.47,36.54,31.68
1652,39.41,178.86,38.27,69.33,31.61,32.98
1668,33.35,119.9,33.9,63.54,29.02,27.9
1683,43.66,224.84,42.91,73.23,37.6,32.31
1685,34.84,146.3,36.93,67.95,29.53,32.03
1720,37.4,157.52,37.2,69.84,33.07,33.33
1729,37.8,158.4,36.97,69.41,29.45,31.87
1752,39.45,190.74,40.59,71.46,32.44,33.84
1794,41.73,187.88,40.08,68.03,36.38,29.94
1861,38.23,169.62,38.94,67.05,33.7,30.06
1890,36.85,193.82,40.87,69.69,34.09,32.19
1909,41.02,173.36,39.69,67.09,37.13,30.54
1921,40.47,182.6,40.31,69.17,34.96,30.77
1972,40.0,180.18,40.75,68.9,36.26,29.59
2044,35.35,149.16,36.22,70.79,30.04,31.87
2048,42.2,201.08,41.61,71.14,35.43,33.57
2061,35.08,118.8,32.56,63.9,27.68,29.63
2201,39.02,161.48,37.83,65.12,32.17,29.39
2205,36.02,174.24,39.41,72.72,31.38,35.34
2216,37.2,152.68,37.52,67.05,30.04,31.09
2222,37.24,175.34,39.21,69.72,32.83,31.68
2226,42.48,177.98,38.94,68.46,36.06,30.97
2232,38.43,174.02,39.57,69.88,33.23,33.06
2241,41.89,197.56,40.87,66.97,36.46,30.85
2244,36.42,147.84,36.69,69.53,30.04,31.99
2250,43.78,195.8,40.83,70.75,37.99,33.09
2252,39.06,188.1,40.28,73.07,35.08,34.16
2256,39.8,172.7,38.43,72.09,32.48,35.06
2257,38.43,166.98,38.27,68.58,33.23,29.79
2287,41.46,174.68,38.78,68.46,33.46,31.8
2294,39.41,196.68,40.98,71.3,34.45,34.04
2299,38.66,195.8,41.89,73.62,33.86,34.43
2300,40.16,173.8,38.43,68.07,33.11,31.91
2335,36.73,143.22,35.55,66.73,31.18,31.91
2340,38.94,171.82,38.66,71.89,35.83,33.37
2344,35.94,151.14,36.54,65.94,30.43,29.35
2357,34.65,145.64,34.76,70.51,28.27,32.62
2390,37.01,153.56,37.6,67.36,30.63,30.42
2410,40.39,170.72,38.31,68.11,35.67,29.98
2452,36.65,151.8,35.94,69.8,30.0,32.82
2481,37.09,159.94,38.11,65.98,30.87,28.41
2484,39.06,183.7,38.82,72.95,35.28,34.98
2507,36.5,166.54,37.72,71.81,33.03,33.65
2594,39.45,165.88,37.56,68.03,32.32,30.65
2626,38.78,168.08,37.28,67.32,33.66,30.3
2627,37.72,153.12,36.22,69.96,30.0,31.32
2629,40.75,193.38,41.18,70.43,34.61,32.31
2630,43.66,200.2,41.02,67.24,36.22,29.2
2648,35.71,149.6,36.61,68.74,29.8,30.61
2657,45.04,210.54,40.94,68.43,38.19,29.04
2673,38.7,170.72,39.61,67.68,34.06,31.2
2674,36.5,150.04,36.97,68.31,33.07,31.32
2689,38.62,166.1,37.28,69.76,31.38,33.84
2713,42.36,225.72,42.4,73.74,37.13,34.91
2721,38.11,142.78,34.61,66.81,30.12,31.48
2730,37.56,164.78,37.87,69.21,31.14,33.09
2743,40.59,182.6,39.13,71.54,33.07,33.49
2760,46.1,230.78,43.86,73.62,39.88,34.47
2785,40.83,205.7,41.69,73.54,35.28,33.33
2804,36.77,155.98,38.5,70.24,31.81,32.23
2821,40.83,177.1,39.37,69.41,32.56,31.09
2822,38.74,176.88,39.69,68.86,34.49,30.69
2825,37.32,170.72,38.54,68.98,32.01,31.48
2856,40.0,163.9,37.44,70.24,33.74,31.99
2878,35.63,149.82,36.14,69.65,30.67,32.43
2890,41.06,194.26,40.75,69.92,36.81,30.14
2896,36.54,157.96,37.72,68.23,33.5,29.24
2906,37.6,175.78,39.84,70.24,31.02,33.65
2916,36.65,149.16,36.14,67.52,31.81,31.56
2926,36.14,151.14,37.36,70.0,29.57,33.02
2932,43.23,205.26,42.44,69.17,38.07,32.62
2933,41.38,183.7,41.69,70.08,35.67,31.48
2936,34.76,145.42,34.29,70.63,28.9,33.92
2937,38.43,168.3,37.95,68.98,31.65,29.51
2941,35.91,145.2,36.22,71.06,28.27,31.48
2947,38.07,178.86,40.0,70.98,31.93,35.73
2955,41.14,177.98,37.6,73.03,33.35,36.09
2960,34.92,154.44,37.09,73.39,30.63,33.61
2987,35.63,135.3,35.08,67.48,28.62,30.46
2988,40.04,191.84,40.91,70.98,33.27,33.06
3001,39.53,175.34,39.13,69.37,32.48,32.98
3011,44.41,229.24,42.52,71.77,39.61,30.85
3012,39.29,150.26,37.4,70.04,30.31,33.06
3023,39.09,190.3,40.79,74.57,33.58,34.67
3024,44.21,202.4,42.2,69.37,39.45,31.52
3029,44.06,199.76,38.78,74.09,34.33,35.54
3036,36.18,166.1,38.23,72.28,29.92,33.33
3040,35.12,149.6,37.48,65.35,31.34,27.5
3041,38.03,153.56,36.22,65.87,33.11,29.0
3043,36.81,177.32,38.74,73.66,31.06,34.94
3045,39.8,187.66,39.92,68.74,36.93,31.28
3049,37.72,161.04,37.68,68.86,30.16,32.03
3060,38.46,177.32,39.84,68.11,33.66,31.01
3193,36.97,174.68,39.45,69.76,32.83,33.92
3208,34.06,132.66,35.24,64.13,29.45,27.07
3216,36.57,133.76,35.43,65.12,29.53,28.92
3224,40.91,193.38,39.92,70.55,35.51,34.28
3246,36.54,168.96,38.19,72.4,31.22,34.55
3253,40.67,163.02,38.11,66.5,33.15,31.56
3255,37.64,153.12,37.8,69.37,30.87,32.39
3257,37.64,162.8,37.17,69.13,33.19,32.07
3262,37.4,148.72,36.61,67.09,31.65,30.61
3283,39.76,186.12,41.26,71.89,32.68,33.06
3296,43.11,176.0,38.15,67.83,37.2,30.77
3303,40.91,179.3,40.04,69.17,35.35,32.15
3319,40.51,194.04,42.52,72.2,34.49,33.76
3342,34.02,142.78,36.1,68.94,28.54,31.56
3344,41.81,187.88,39.72,66.06,35.43,30.1
3348,38.11,164.12,35.98,69.21,32.32,33.13
3379,38.39,138.82,35.79,64.49,30.55,28.13
3380,33.31,125.18,34.84,65.0,27.64,28.25
3390,34.72,140.58,36.06,67.52,29.29,31.2
3398,36.46,153.34,38.19,65.79,31.02,32.66
3407,39.88,193.6,40.87,69.06,35.43,32.58
3422,41.22,206.8,42.24,70.31,35.2,33.53
3437,46.54,267.74,44.53,76.46,41.89,36.32
3453,37.72,144.54,37.24,66.34,30.87,30.14
3484,36.73,158.18,37.8,71.02,31.46,34.08
3508,40.87,181.06,39.13,69.25,37.32,30.65
3510,37.44,163.24,38.5,65.79,31.81,29.91
3516,37.83,157.08,36.22,69.65,31.34,34.24
3531,37.24,158.18,37.72,66.26,30.91,29.75
3535,35.31,143.22,34.61,66.61,29.02,30.54
3538,36.54,150.26,36.57,67.8,33.35,31.09
3542,34.21,109.78,31.81,64.09,28.35,31.13
3557,35.71,146.96,36.93,65.31,31.81,28.57
3571,38.31,168.74,37.6,70.24,34.76,32.62
3572,37.99,144.32,39.45,67.99,34.33,30.77
3575,38.43,174.68,38.82,73.58,33.23,34.71
3579,37.95,169.4,37.64,70.39,32.76,34.12
3585,39.21,159.72,37.2,72.05,31.61,34.2
3607,41.97,193.6,43.11,66.97,37.44,29.98
3609,37.2,161.7,38.58,65.75,32.68,31.17
3627,39.09,164.12,38.11,68.07,32.36,31.6
3631,37.87,159.72,38.78,67.01,32.99,29.59
3638,38.27,165.66,38.35,69.37,32.17,32.54
3648,37.99,147.62,37.76,67.17,32.48,30.89
3657,39.92,168.74,37.56,67.36,33.98,33.37
3660,36.54,148.06,36.22,70.31,30.16,32.31
3670,38.54,170.28,38.62,71.1,31.69,32.27
3686,39.69,192.06,41.97,69.96,34.02,33.45
3719,35.63,153.78,37.56,68.39,29.45,31.52
3761,41.5,196.02,41.5,71.02,36.1,31.99
3771,44.61,228.36,44.02,73.39,38.07,32.58
3774,38.86,154.88,35.35,66.85,29.88,30.02
3813,37.6,149.82,36.3,67.32,31.5,28.92
3815,43.23,216.7,42.83,73.03,37.83,34.2
3836,43.11,199.54,39.92,69.57,35.94,33.33
3880,40.63,176.22,39.88,72.52,35.0,34.39
3883,41.06,178.86,40.31,65.94,36.85,30.22
3884,37.99,155.32,37.05,69.45,31.97,32.03
3885,39.61,159.28,36.3,67.87,33.7,32.66
3886,38.74,187.0,40.47,70.31,34.09,31.28
3887,41.46,189.2,40.51,70.67,34.96,32.66
3895,38.58,172.7,40.63,68.15,31.81,30.06
3978,37.2,163.9,38.74,70.12,32.99,33.72
3982,42.95,200.2,42.8,68.43,39.06,30.06
3983,40.59,173.36,39.29,69.41,33.78,31.44
3984,41.18,200.86,41.14,69.88,38.35,31.01
3985,44.06,191.18,39.84,70.28,36.42,31.17
4217,40.83,176.66,36.89,71.73,31.73,33.72
4236,39.02,160.6,38.78,67.01,32.76,29.75
4242,39.33,173.58,39.25,65.39,35.31,28.72
4253,41.57,157.3,37.13,66.73,33.31,31.44
4255,39.06,170.94,39.57,73.74,33.19,35.06
4256,42.72,217.36,42.99,74.25,36.42,34.08
4268,39.65,167.2,38.78,71.61,32.01,33.33
4272,38.62,170.5,38.78,69.09,32.56,31.4
4273,39.02,156.86,36.81,66.61,33.86,29.55
4274,36.93,165.88,37.44,69.33,31.3,31.91
4276,37.64,157.96,36.34,69.09,31.46,31.09
4277,38.39,155.1,36.3,67.72,31.97,29.55
4301,37.76,181.5,39.02,72.52,31.57,33.88
4329,35.24,136.62,34.65,67.99,29.61,30.81
4347,40.16,181.94,39.09,68.86,33.15,30.85
4354,41.34,173.14,38.43,66.65,34.49,30.65
4393,33.46,124.3,33.78,64.84,26.57,30.73
4419,37.56,170.5,38.66,69.8,29.92,33.25
4444,41.77,216.26,43.19,70.71,37.6,31.68
4452,38.43,184.8,41.06,70.63,33.66,31.76
4460,36.65,154.88,36.38,67.95,29.45,32.5
4493,34.72,140.58,35.71,68.35,31.34,32.39
4509,37.28,144.1,35.47,64.92,32.4,30.38
4511,35.98,133.98,35.28,65.91,29.17,30.06
4513,40.79,169.62,39.29,67.05,34.61,29.51
4514,38.27,169.4,39.41,68.39,32.95,31.28
4525,38.54,162.58,38.19,67.36,32.13,29.75
4531,36.02,137.72,35.08,63.58,30.43,30.14
4580,39.17,170.06,39.33,66.69,33.82,30.3
4638,45.04,188.1,40.51,62.09,35.51,26.95
4645,41.89,184.8,40.79,70.59,35.2,31.91
4677,42.6,193.6,41.3,68.74,36.65,30.1
4678,44.25,208.12,41.5,71.18,36.97,33.88
4679,39.69,162.58,38.35,67.4,34.57,30.57
4692,39.92,185.46,40.16,68.5,33.82,30.5
4701,37.2,170.94,37.36,72.01,30.39,34.59
4716,36.38,141.46,35.35,65.04,28.78,29.31
4728,39.45,167.2,38.27,69.41,32.76,31.64
4736,42.48,227.04,43.35,74.33,36.57,35.38
4755,35.35,151.36,36.5,67.91,31.1,31.6
4768,40.94,188.98,40.87,69.37,33.35,32.43
4769,38.5,180.84,40.51,70.16,33.03,31.52
4771,40.0,194.7,40.08,70.79,33.98,33.33
4777,38.19,168.52,40.43,70.39,32.4,33.25
4778,39.29,180.84,39.33,70.71,33.39,33.41
4783,38.39,166.76,38.27,69.21,31.93,30.18
4823,43.9,205.26,41.34,71.42,37.56,32.94
4824,39.53,173.36,40.16,66.93,34.72,31.4
4863,37.17,136.62,35.75,64.29,29.17,29.94
4873,38.7,164.78,39.69,66.3,36.42,30.89
4885,39.72,179.3,38.9,71.77,32.36,33.45
4891,35.55,144.76,36.42,68.74,30.67,32.15
4935,39.8,165.88,36.89,68.74,30.67,31.44
4945,38.7,170.94,37.99,73.86,32.05,35.81
4952,36.57,158.18,36.93,71.65,30.79,33.09
4954,38.03,173.8,37.6,70.79,30.91,32.66
4996,41.61,181.06,38.82,69.37,35.75,32.78
5013,40.2,172.92,38.7,66.77,36.5,31.36
5014,37.13,142.12,37.24,64.69,30.08,29.31
5015,40.67,186.78,39.49,68.35,33.58,32.23
5023,39.65,169.4,38.98,69.09,33.7,31.99
5027,40.71,187.44,40.47,70.51,35.91,31.95
5031,38.15,179.96,40.98,66.93,34.69,31.72
5069,37.56,171.38,40.12,67.13,33.66,28.88
5100,37.72,147.84,37.2,68.98,31.22,32.19
5106,38.9,154.66,36.57,65.35,31.46,30.1
5153,40.75,182.16,39.8,65.59,35.43,28.53
5155,35.12,131.34,35.51,66.02,28.74,30.14
5156,36.46,148.06,36.93,65.04,32.4,31.44
5205,34.41,143.44,36.26,71.97,30.12,34.31
5206,41.81,192.94,39.92,73.31,36.38,33.45
5209,35.12,150.48,36.3,69.84,28.66,32.19
5214,36.93,169.84,36.73,67.48,32.64,31.56
5221,37.36,150.7,36.65,66.22,30.55,28.88
5241,37.52,154.66,37.72,65.08,31.57,29.87
5270,40.79,190.96,40.08,69.41,37.48,31.48
5273,39.33,172.48,38.46,67.52,33.11,29.83
5282,42.76,182.16,38.78,69.88,35.71,31.32
5290,39.21,185.24,41.1,68.54,34.8,31.6
5300,34.57,121.0,33.39,61.81,29.41,28.33
5312,38.98,184.14,40.71,70.24,34.88,31.72
5322,41.54,167.2,38.11,65.0,37.13,29.98
5323,41.69,180.4,39.45,68.03,33.98,30.65
5325,39.61,153.34,37.24,65.28,33.62,30.3
5326,38.27,143.44,37.24,64.49,31.69,28.84
5333,45.08,210.98,42.52,73.54,37.36,33.25
5357,38.07,150.7,36.77,69.76,31.22,32.7
5372,35.39,136.4,36.22,65.35,29.09,30.5
5397,34.25,125.84,34.29,64.69,28.31,30.22
5409,36.5,143.66,37.09,69.49,30.51,31.4
5410,40.0,170.5,38.66,68.9,33.5,31.36
5433,41.57,185.02,40.63,65.04,36.22,29.08
5467,38.46,176.66,38.82,70.79,33.86,31.83
5480,38.78,190.08,41.3,69.02,34.02,30.85
5481,40.63,201.08,40.51,73.62,35.51,35.14
5494,36.42,152.68,37.64,67.6,31.26,30.97
5553,35.31,143.66,35.87,70.04,29.69,32.9
5579,40.43,187.88,39.57,70.24,34.8,32.23
5595,39.29,163.46,36.69,65.83,34.49,31.99
5604,40.83,187.44,41.02,67.6,33.9,31.87
5649,41.18,185.68,39.88,69.61,34.88,30.77
5654,37.44,155.98,37.48,67.05,31.02,31.05
5709,38.07,163.68,38.27,68.66,33.94,31.36
5720,45.08,238.26,44.61,71.97,39.84,33.96
5724,43.7,217.36,42.64,74.21,36.26,35.02
5744,37.6,169.62,38.94,69.02,32.72,31.87
5796,36.65,144.32,35.12,67.17,29.06,32.19
5800,35.91,143.88,36.18,68.54,30.0,32.66
5826,37.24,155.76,37.72,64.25,33.07,29.31
5827,41.93,179.96,38.62,70.55,35.35,30.89
5852,39.92,181.5,39.61,72.32,33.86,33.25
5878,37.91,141.68,35.67,67.01,29.61,32.11
5911,38.7,174.24,38.27,70.16,34.37,32.39
5937,36.89,155.76,36.93,66.26,31.34,30.06
5940,37.83,186.12,37.05,79.21,30.67,41.01
5959,44.88,222.42,41.93,72.99,39.49,32.98
5964,40.67,187.0,39.57,69.29,34.37,31.68
5973,38.82,153.12,36.5,70.94,32.32,33.41
6012,42.2,193.6,42.09,68.66,36.97,30.93
6027,39.84,205.04,41.85,73.7,35.2,35.26
6030,42.24,184.36,40.16,66.81,35.59,30.3
6050,34.53,156.86,37.6,73.5,30.63,33.29
6057,39.49,158.62,36.69,67.64,31.3,32.23
6098,45.71,234.3,44.88,73.9,38.9,33.65
6118,41.97,188.32,41.85,67.09,35.91,30.65
6126,36.22,155.1,35.98,71.97,30.79,34.39
6137,39.21,179.74,40.24,68.9,33.9,31.2
6156,36.61,170.94,39.37,67.28,33.23,30.73
6179,38.5,147.18,35.67,66.69,31.1,30.46
6194,36.65,155.98,36.14,71.57,29.37,32.5
6208,39.61,161.92,37.83,70.35,31.93,33.88
6211,33.66,123.64,33.5,67.13,28.27,31.32
6214,38.07,163.24,39.65,66.06,31.22,31.36
6218,38.27,160.38,38.62,64.65,32.48,28.8
6219,35.91,134.2,34.29,64.33,29.53,28.25
6233,38.82,156.42,36.77,67.64,30.51,31.2
6245,37.2,162.36,37.68,69.06,32.36,31.05
6250,35.47,156.2,38.03,69.41,30.24,31.28
6252,38.35,167.42,37.13,70.47,34.17,32.86
6266,39.13,171.82,39.21,63.9,35.35,30.02
6286,42.95,220.66,40.79,76.18,35.35,37.78
6291,40.28,180.84,39.41,70.71,32.72,31.48
6311,42.44,207.24,42.44,71.1,36.26,33.29
6334,45.98,223.52,43.19,69.49,40.35,31.56
6335,35.71,157.08,36.42,69.49,30.35,34.31
6342,43.5,221.1,43.82,71.02,39.17,33.57
6345,40.39,193.38,40.75,71.85,34.84,32.46
6364,42.48,183.26,40.59,74.02,34.92,35.93
6371,33.07,115.06,32.87,65.87,27.05,31.56
6372,36.77,160.82,38.54,68.27,32.2,29.94
6374,38.07,163.9,38.03,67.64,31.46,30.81
6375,41.34,184.8,39.29,65.94,36.14,28.37
6382,39.21,195.14,41.14,70.0,34.29,32.98
6383,42.24,214.94,42.64,71.97,36.22,34.59
6385,36.1,160.38,39.57,69.13,31.81,31.32
6389,36.02,144.54,37.01,66.34,29.88,29.39
6410,41.14,187.22,40.94,68.11,35.83,31.68
6415,37.17,145.86,36.34,65.83,31.34,30.89
6466,39.49,165.88,37.48,68.86,32.09,34.16
6531,35.12,145.2,36.54,64.06,29.8,28.88
6532,43.58,221.76,43.78,70.12,39.09,32.43
6538,33.43,120.56,33.54,65.63,26.61,30.14
6555,40.28,195.36,40.55,69.37,35.55,31.56
6572,45.0,223.52,41.14,71.42,40.75,32.35
6593,41.3,191.18,42.28,68.58,34.92,31.2
6600,34.25,139.26,35.12,69.49,28.43,33.21
6621,38.78,179.3,38.23,74.49,33.66,35.97
6624,41.42,188.32,41.77,71.77,34.88,34.16
6632,39.72,176.22,40.16,67.83,32.91,31.36
6646,37.72,156.42,36.5,68.82,31.89,33.21
6647,34.06,126.94,34.17,66.77,26.85,31.56
6652,43.94,193.6,40.16,67.87,37.72,29.87
6653,35.43,119.24,32.32,67.52,27.87,33.02
6656,36.42,159.28,37.4,71.14,29.45,32.27
6680,34.92,140.8,36.57,67.13,29.45,30.81
6693,39.96,167.64,39.09,69.72,33.35,31.99
6696,37.05,176.66,39.65,67.91,34.17,30.69
6737,38.03,188.32,40.51,71.38,34.29,33.29
6756,34.92,133.76,35.28,65.2,27.83,30.26
6770,37.52,152.24,37.99,63.54,32.36,27.66
6781,37.99,176.0,40.43,71.54,30.35,33.37
6826,38.35,199.76,40.87,73.11,32.2,35.81
6831,37.52,139.04,34.25,68.58,31.34,32.82
6840,37.68,160.6,37.28,67.83,30.98,31.05
6841,38.31,177.76,40.98,66.42,33.86,30.69
6851,37.72,156.86,36.93,70.55,30.87,33.96
6856,38.19,163.02,37.68,70.83,33.39,33.33
6858,41.97,181.28,40.2,65.24,36.54,29.31
6867,39.88,179.52,39.45,67.64,32.83,31.76
6918,43.11,212.3,41.14,72.36,39.84,32.46
6925,34.76,152.24,37.6,69.45,30.55,31.24
6955,38.03,155.98,36.3,67.95,32.64,31.72
6961,37.99,187.66,40.2,72.64,33.03,35.61
6962,42.09,199.98,42.83,67.09,37.01,30.1
6965,39.76,164.34,38.66,66.85,33.43,30.54
6972,35.83,151.14,36.06,69.41,29.57,31.13
6979,38.82,162.58,38.66,67.52,32.95,30.18
6982,45.16,218.68,40.87,70.59,37.44,31.56
6987,41.93,205.48,41.97,66.81,38.11,31.36
6988,40.0,180.18,40.31,71.57,32.87,34.35
7003,41.93,187.66,38.66,70.59,32.8,32.27
7053,42.95,195.8,41.54,67.24,38.35,30.54
7063,39.37,168.08,39.21,67.2,33.39,30.97
7187,37.6,175.78,40.24,71.93,29.72,34.12
7190,40.08,174.02,40.63,65.28,34.61,30.57
7192,39.61,143.88,38.94,65.79,32.01,31.44
7193,47.2,257.4,48.03,70.59,40.87,32.39
7198,36.65,149.82,36.42,69.17,31.1,31.95
7199,38.23,155.1,38.27,64.72,32.72,29.24
7214,36.97,171.6,39.13,68.54,31.38,31.32
7219,35.59,135.74,36.06,67.05,29.72,30.57
7243,36.3,150.26,36.61,69.76,28.31,34.0
7246,39.61,190.52,40.35,69.37,34.09,30.54
7260,35.75,139.04,35.16,66.54,29.76,30.1
7272,39.53,187.88,40.87,71.42,33.7,33.57
7274,36.06,143.44,36.38,66.5,31.22,31.17
7276,34.02,143.88,35.79,71.46,29.09,33.25
7290,39.69,189.86,40.39,69.37,33.54,31.01
7291,39.33,181.72,40.31,66.34,34.29,30.34
7295,40.75,187.0,41.93,69.09,34.84,31.13
7304,42.99,215.6,40.47,75.59,39.25,34.12
7305,37.76,174.24,38.82,72.76,32.64,35.02
7310,41.14,194.04,43.19,70.59,34.61,33.41
7313,41.06,166.1,37.8,67.4,34.61,29.63
7317,36.61,139.48,34.53,69.49,29.13,32.86
7322,41.22,182.16,40.24,70.94,34.65,33.84
7326,42.44,183.7,40.43,68.39,34.37,31.05
7328,37.83,163.24,37.36,68.23,31.46,31.4
7336,38.46,150.92,35.94,70.0,31.06,32.43
7337,43.94,213.18,43.62,68.78,37.17,32.66
7344,42.24,192.94,40.35,69.96,38.23,32.03
7346,44.33,210.76,42.52,68.94,39.29,31.24
7352,38.39,140.14,35.43,62.2,31.5,27.86
7355,42.56,181.06,38.54,71.46,34.02,32.23
7357,35.55,151.36,36.57,68.15,29.84,31.4
7361,38.43,167.86,37.4,67.99,32.6,30.06
7376,43.86,212.08,41.89,70.87,36.97,33.37
7452,42.64,196.9,39.92,67.76,39.33,32.31
7454,42.87,187.66,38.54,72.2,34.37,33.13
7461,36.34,152.02,37.72,66.81,30.79,30.3
7568,38.43,155.1,37.91,68.11,31.22,30.3
7569,38.27,151.36,37.24,67.4,32.52,30.73
7576,37.56,164.12,38.46,68.98,30.12,32.58
7579,36.3,150.92,37.76,68.31,29.13,30.65
7583,38.78,180.62,38.78,69.69,32.91,32.58
7588,41.93,202.18,41.54,69.72,35.87,30.26
7589,38.86,172.48,39.29,69.88,31.14,32.27
7590,40.28,177.1,39.02,70.55,32.32,32.98
7598,38.7,154.0,36.73,67.76,30.55,33.33
7599,40.71,206.14,41.26,72.8,34.13,33.8
7625,37.95,163.02,38.5,67.01,29.72,30.5
7692,38.86,169.62,38.11,71.3,31.57,33.69
7705,43.58,202.18,40.35,72.6,34.57,33.17
7714,34.45,124.74,33.35,65.63,28.31,32.7
7720,40.08,194.92,42.48,67.6,33.03,30.54
7739,37.91,157.74,37.8,68.9,32.87,32.54
7745,38.78,166.98,38.31,70.67,30.63,34.59
7774,43.35,216.04,42.72,70.63,38.78,31.4
7813,36.77,157.3,37.36,66.77,30.94,31.64
7832,40.35,184.58,38.23,70.39,33.94,33.96
7842,36.93,170.06,40.16,66.93,31.1,30.06
7844,33.82,144.98,36.14,67.68,30.28,30.65
7851,37.72,177.32,39.33,72.2,32.52,33.17
7890,39.53,170.94,37.87,70.47,34.41,33.41
7911,36.5,157.3,36.1,69.96,30.91,33.8
7921,36.38,142.12,34.65,67.68,29.92,31.6
7924,36.14,148.94,37.64,65.16,31.57,29.35
7934,40.59,190.96,40.67,67.91,34.72,31.2
7940,35.98,152.68,36.77,69.72,31.22,32.78
7948,33.07,125.18,33.98,63.74,28.78,28.33
7949,38.35,160.16,37.32,69.96,29.69,31.44
7954,38.54,174.46,37.99,70.16,32.76,34.63
7961,40.71,198.88,42.2,70.75,34.88,31.8
7972,39.29,192.06,41.18,69.61,32.76,30.77
7973,39.37,183.04,38.78,72.44,32.6,35.22
7975,38.98,163.02,38.58,63.86,36.81,28.06
7978,39.41,185.9,40.04,71.26,33.07,32.98
7981,35.39,144.1,35.47,65.43,30.79,29.98
8022,35.08,138.6,35.51,67.87,28.98,31.32
8023,38.46,174.46,39.33,68.43,31.69,32.11
8024,38.35,151.8,37.44,64.49,32.56,27.94
8029,40.51,174.9,39.13,70.75,32.68,33.02
8032,36.34,157.74,37.99,69.57,31.73,31.13
8033,42.36,193.82,40.91,70.55,36.18,33.33
8036,35.63,136.4,34.88,66.73,29.33,32.07
8038,42.68,199.76,40.35,70.28,33.54,32.9
8051,41.06,170.72,39.06,66.77,32.99,30.14
8058,38.15,171.38,38.66,68.23,33.23,32.86
8063,38.46,179.3,39.69,70.98,34.06,32.94
8064,40.51,201.08,41.54,71.34,37.28,33.53
8065,40.51,199.54,41.93,71.85,37.44,33.41
8066,39.96,187.22,39.53,73.82,34.65,35.81
8068,39.45,173.36,37.72,73.31,30.43,34.04
8071,30.51,104.72,31.97,62.01,25.47,27.31
8076,38.39,170.06,38.98,68.15,33.15,30.85
8094,41.54,166.54,38.27,66.61,33.7,29.71
8110,36.54,157.3,37.09,72.72,31.1,34.43
8126,35.16,134.2,35.08,65.08,27.72,30.14
8132,36.3,152.46,36.61,70.0,30.39,36.01
8145,38.35,183.48,41.42,71.54,35.04,32.15
8152,40.0,173.14,37.87,65.47,34.72,29.91
8153,39.02,174.02,37.8,71.3,33.54,32.78
8155,37.56,150.92,36.34,71.81,29.49,33.37
8156,37.44,154.22,36.34,68.27,32.17,31.28
8158,39.06,161.48,37.4,66.93,30.67,31.48
8163,41.14,183.92,39.72,70.87,34.72,33.84
8172,39.02,173.8,39.53,68.98,32.64,31.87
8186,38.5,182.16,38.74,73.11,33.23,34.83
8188,39.09,196.46,41.57,72.24,34.02,32.82
8192,42.99,177.98,39.33,65.63,37.24,29.87
8200,33.98,129.58,35.12,62.64,29.49,29.12
8206,38.15,173.8,39.17,65.2,33.74,30.02
8207,38.35,166.54,37.95,69.96,32.4,32.74
8212,40.91,181.94,39.13,69.57,37.01,31.52
8213,37.64,179.74,38.9,72.64,31.42,33.57
8275,36.65,165.0,38.66,66.26,32.95,30.02
8315,35.94,143.66,35.0,71.57,28.58,32.54
8365,42.09,201.52,41.85,67.72,37.56,29.0
8370,38.5,162.58,39.37,68.5,31.02,33.33
8377,40.2,180.84,39.65,69.21,32.87,31.64
8388,39.96,173.8,39.61,67.2,33.7,29.83
8438,37.83,166.1,39.13,67.17,31.73,31.64
8443,42.72,203.94,42.48,68.7,37.17,30.65
8465,41.93,183.92,38.94,68.23,37.36,30.97
8466,38.78,162.8,38.9,68.5,32.95,31.2
8479,36.22,155.1,36.54,69.61,29.37,31.48
8497,40.08,175.78,37.83,70.87,31.81,32.58
8498,36.5,156.2,36.97,69.13,31.65,32.19
8514,34.45,141.24,35.24,69.21,30.08,30.81
8518,40.55,209.44,42.28,71.57,35.51,33.02
8530,46.14,215.6,40.24,70.75,40.04,30.93
8532,36.1,170.94,36.42,74.45,31.14,37.23
8556,39.57,195.8,38.35,73.15,34.13,34.91
8599,42.36,207.24,40.79,73.74,36.18,34.94
8602,38.03,149.38,36.57,65.83,30.87,29.47
8633,41.34,175.34,40.39,65.31,34.61,29.43
8634,36.77,159.72,37.83,67.36,31.81,31.44
8638,47.05,221.1,42.17,68.31,38.62,30.65
8665,36.18,148.28,35.87,71.14,30.31,31.95
8669,35.75,131.56,34.25,66.93,28.27,29.67
8699,37.76,155.32,37.56,67.01,31.77,30.26
8706,36.1,153.56,36.93,71.26,29.41,32.39
8711,41.06,195.8,40.63,71.14,35.31,32.31
8717,37.91,156.42,37.6,67.32,31.02,29.91
8731,42.68,197.56,41.06,71.02,35.59,33.96
8735,41.5,188.32,40.47,68.43,35.94,31.48
8739,37.48,165.66,38.23,71.42,31.42,34.04
8740,36.5,147.62,35.71,70.67,30.2,34.0
8741,40.75,168.08,39.13,65.04,33.07,29.16
8743,38.78,164.78,37.01,67.76,32.32,32.62
8782,35.83,146.3,36.61,65.91,30.75,30.14
8801,39.13,192.5,40.35,72.56,33.23,33.92
8803,39.53,182.38,38.58,70.91,33.78,32.31
8827,35.47,151.14,35.83,70.08,28.31,33.76
8833,36.5,152.24,36.57,65.43,32.76,29.47
8854,39.17,169.84,39.33,67.4,33.74,31.28
8858,42.87,194.92,40.98,70.0,38.7,31.4
8896,37.52,163.9,38.27,69.72,32.32,31.91
8897,33.86,142.56,37.44,63.31,29.65,29.0
8914,39.45,184.8,40.67,66.22,35.83,30.69
8924,39.37,173.36,38.11,70.0,33.54,30.57
8933,45.0,240.9,43.03,73.11,38.11,32.78
8953,37.52,167.64,38.19,68.66,33.43,31.28
8959,46.22,244.64,44.09,72.13,43.78,31.99
8962,36.18,141.9,37.05,63.86,30.12,28.45
8964,37.32,157.08,37.64,68.58,29.76,31.17
8976,40.31,198.44,43.66,69.96,35.24,31.24
8980,42.87,206.14,42.48,71.73,36.77,31.28
8984,40.79,178.86,40.16,68.82,36.54,30.54
8998,39.53,180.62,39.53,72.28,30.87,32.98
9004,44.25,223.08,43.07,68.82,40.71,30.06
9023,39.53,174.9,39.72,67.4,33.31,30.34
9024,39.8,178.42,39.06,71.65,34.53,34.43
9058,37.72,155.76,37.17,71.77,29.33,33.09
9081,38.43,152.9,35.71,66.54,31.02,30.89
9101,36.97,148.28,38.7,61.89,34.49,26.83
9115,42.52,216.7,41.46,73.82,35.59,33.57
9118,36.18,171.82,37.56,71.3,29.02,33.53
9151,39.17,161.48,38.62,62.95,34.17,28.57
9157,44.53,214.94,41.93,69.96,39.57,31.17
9170,38.35,177.32,39.92,68.11,33.35,32.15
9177,41.34,190.52,40.2,70.0,34.92,31.76
9180,35.91,140.58,34.49,66.61,30.47,30.69
9231,38.27,176.0,37.91,72.83,32.68,34.04
9247,41.61,196.46,39.33,68.94,35.47,31.91
9250,37.95,163.02,36.3,69.45,32.2,31.91
9255,39.33,178.42,39.29,71.38,32.32,36.09
9271,42.2,187.22,40.79,69.76,37.6,32.39
9283,40.79,179.52,39.69,70.94,33.19,33.06
9290,36.42,163.02,38.54,67.8,32.09,31.05
9294,40.0,192.5,40.43,72.01,33.5,33.8
9304,38.54,177.76,38.74,74.41,33.5,34.63
9313,41.97,205.26,40.55,71.14,34.65,33.49
9321,38.39,159.94,38.62,64.57,31.18,29.59
9329,38.58,191.18,40.94,68.98,33.5,35.1
9333,37.28,155.32,36.97,65.94,31.85,32.31
9337,41.34,191.84,41.18,70.16,36.38,32.62
9342,38.43,164.12,36.97,74.06,32.09,34.67
9350,38.9,185.02,38.98,72.09,32.91,33.09
9362,39.13,176.66,39.17,71.1,32.4,32.82
9365,37.2,172.7,38.78,72.8,31.5,35.61
9368,42.32,184.14,39.29,68.03,36.26,31.28
9371,40.63,176.88,39.61,68.54,33.03,31.13
9406,37.28,146.08,36.14,66.42,31.18,31.68
9412,37.48,155.76,36.61,70.0,32.2,31.95
9503,40.0,174.9,38.74,65.0,32.24,29.59
9512,42.36,220.0,42.8,71.93,36.61,31.87
9514,46.85,229.68,43.7,71.1,41.22,31.87
9529,40.67,193.82,40.87,70.39,35.08,32.74
9547,32.44,132.66,35.39,68.23,28.94,34.12
9550,37.48,181.06,40.16,74.25,29.72,34.43
9567,36.54,166.1,39.17,71.14,30.16,32.27
9593,39.88,180.18,39.84,71.89,32.76,33.06
9613,35.55,144.98,35.87,68.5,29.33,30.77
9624,41.5,196.46,38.7,75.24,36.69,33.17
9628,39.61,169.84,38.7,69.69,34.33,33.61
9639,34.33,134.86,34.13,70.28,27.68,31.76
9665,40.43,173.58,38.35,67.44,31.77,29.87
9717,40.87,199.1,41.97,70.16,35.0,32.19
9742,36.18,133.1,34.02,66.34,28.27,31.17
9748,39.8,174.24,37.87,73.74,31.26,33.33
9775,41.46,202.84,41.65,69.41,35.28,31.44
9778,35.75,164.34,38.7,70.0,31.73,34.16
9779,38.82,175.56,38.66,71.93,32.32,33.33
9783,37.76,153.56,36.22,70.75,31.85,33.41
9792,43.9,234.74,44.13,71.69,38.46,31.56
9809,36.38,147.4,37.4,68.74,31.57,30.69
9814,43.43,209.88,40.31,71.61,37.95,32.27
9827,41.34,222.42,44.25,69.53,36.38,32.74
9841,39.13,163.68,36.18,69.49,31.89,32.98
9842,36.54,149.16,36.54,66.77,30.39,30.18
9845,42.48,206.58,41.89,68.98,35.16,32.11
9851,37.52,157.3,37.72,66.5,32.6,29.51
9855,45.51,221.1,44.25,68.23,36.73,30.14
9856,38.58,163.24,37.6,67.95,32.8,30.77
9858,41.77,192.06,39.72,70.94,35.59,32.23
9859,36.77,155.76,37.8,67.52,29.88,32.66
9860,38.11,160.38,37.87,69.57,31.1,32.03
9861,36.06,153.12,37.64,69.69,29.17,32.43
9864,33.7,144.54,35.08,68.11,28.74,34.91
9867,37.13,159.28,37.99,65.16,30.75,29.71
9871,39.96,174.68,38.58,66.89,34.17,31.32
9877,43.35,219.56,43.62,69.72,37.95,32.9
9881,38.43,171.16,38.86,65.35,34.41,29.2
9888,35.43,157.08,35.79,74.92,28.19,36.91
9897,37.95,156.2,37.01,68.98,30.71,31.56
9899,40.91,183.48,40.35,67.48,34.57,29.67
9900,40.0,206.14,41.5,71.81,34.84,34.59
9906,39.25,174.46,38.11,70.35,32.13,33.06
9909,41.65,199.1,39.57,71.22,33.31,34.35
9912,38.54,155.1,37.01,66.57,31.73,30.1
9914,43.74,220.44,43.5,70.94,39.29,32.35
9917,42.64,201.3,40.67,68.5,37.72,30.61
9922,39.45,161.7,38.23,66.61,31.46,30.77
9944,39.65,143.22,34.57,68.19,28.58,31.32
9947,39.57,180.84,40.08,69.25,34.13,32.54
9965,41.81,208.12,42.52,74.25,36.57,35.54
9974,37.32,173.36,38.35,71.97,33.15,34.28
9982,37.17,155.54,37.09,65.51,34.09,29.79
10004,38.62,168.96,39.69,68.9,31.42,33.13
10014,34.96,171.6,37.64,73.11,29.45,35.61
10025,40.12,198.22,41.65,69.88,35.24,32.74
10027,36.57,166.54,38.15,70.2,30.79,29.98
10034,42.87,227.26,42.52,75.12,38.5,35.85
10039,36.46,144.76,35.59,68.82,29.88,31.8
10066,40.75,189.2,39.06,66.22,36.65,28.96
10067,40.59,199.54,41.5,74.45,33.27,34.55
10087,38.5,159.5,37.44,68.03,30.87,30.26
10088,35.83,163.24,36.42,67.72,29.65,31.68
10089,35.51,155.76,37.68,71.02,31.57,34.16
10090,36.89,166.76,38.35,69.29,32.44,32.23
10094,38.5,134.86,34.45,66.93,30.2,31.56
10096,40.98,166.32,39.06,66.1,34.61,30.02
10098,38.7,166.54,38.58,67.2,33.23,31.72
10100,38.03,146.08,36.34,66.85,31.85,30.97
10101,37.05,144.32,35.79,64.69,30.08,30.93
10113,34.37,121.0,34.84,62.87,30.12,28.02
10119,36.14,125.84,33.39,66.65,27.87,32.7
10120,38.7,172.26,38.54,70.91,32.32,32.98
10176,35.39,140.14,35.55,69.29,29.29,32.27
10205,44.96,193.82,42.13,68.54,36.69,31.2
10231,35.91,149.82,36.89,67.01,28.94,32.58
10312,37.13,151.8,37.01,68.03,30.79,31.6
10336,41.73,218.68,41.93,76.97,35.47,36.24
10353,37.01,154.44,37.64,65.63,32.2,31.09
10374,41.06,168.52,37.05,69.45,29.37,32.78
10375,37.56,154.22,36.93,68.66,32.09,31.4
10388,35.87,165.44,37.28,73.9,30.39,35.3
10394,44.17,215.16,41.73,73.94,37.95,34.31
10403,40.51,194.04,39.57,70.55,31.93,33.49
10413,38.74,210.98,43.94,74.61,36.38,34.67
10414,40.16,158.84,36.85,64.09,31.57,28.33
10451,39.76,162.14,38.35,67.6,31.85,31.68
10452,37.76,158.4,36.46,65.87,31.85,31.48
10454,38.39,171.16,37.48,68.19,32.2,32.19
10469,39.72,177.98,39.8,66.65,35.31,30.38
10484,39.92,184.14,39.41,70.2,35.31,32.58
10487,41.26,201.74,41.5,70.94,36.61,32.5
10496,41.14,188.76,39.72,70.91,36.38,33.37
10504,39.65,170.94,38.35,68.78,32.17,33.02
10631,39.72,178.2,39.37,69.88,37.72,32.98
10636,38.03,168.3,38.39,69.02,32.8,31.6
10645,40.94,192.94,40.51,69.29,34.8,32.58
10648,41.14,182.38,37.8,70.39,32.17,33.72
10668,36.97,144.76,36.14,72.32,28.31,35.1
10678,41.3,183.48,40.2,68.31,34.09,31.32
10684,40.98,195.8,41.42,69.13,36.57,31.99
10705,42.24,195.14,38.74,74.13,32.24,35.73
10706,39.02,190.96,42.56,67.8,34.06,31.05
10708,38.19,164.56,37.91,67.91,30.43,31.6
10719,42.09,202.62,42.36,69.37,36.77,31.44
10726,41.1,181.5,40.24,66.69,36.18,31.13
10734,38.66,188.76,40.16,72.2,35.24,32.27
10738,38.15,160.6,37.13,68.39,31.57,31.76
10757,44.8,207.9,42.52,66.81,38.74,29.87
10770,43.46,207.9,41.77,69.61,38.9,31.28
10775,36.02,165.88,36.14,75.28,30.24,35.57
10784,38.82,161.04,35.63,69.49,30.0,33.21
10800,38.94,170.28,38.94,67.87,33.11,29.59
10805,40.08,162.58,37.4,70.83,31.02,33.92
10823,44.25,234.74,44.69,70.31,37.99,33.13
10826,34.8,136.18,33.94,65.16,30.63,30.18
10831,36.69,158.62,36.57,69.84,29.21,34.08
10859,39.37,162.58,36.34,69.69,34.8,32.78
10860,48.39,281.16,48.62,71.46,42.28,31.48
10862,43.78,206.8,41.42,72.13,37.56,33.88
10865,41.5,187.44,40.04,69.57,36.77,33.65
10874,39.25,196.68,41.22,70.47,35.75,32.54
10888,36.69,148.5,37.17,67.17,30.0,30.06
10892,34.02,133.1,35.91,65.79,28.86,30.18
10995,37.05,137.94,35.63,67.64,28.94,30.18
11017,35.98,146.74,35.87,70.12,30.04,32.07
11031,36.54,133.76,35.35,63.78,31.42,28.8
11043,37.28,155.76,38.39,68.03,31.89,31.64
11051,36.65,150.26,35.79,69.92,30.24,33.33
11054,34.57,139.7,34.41,67.99,29.65,30.06
11055,38.9,167.64,39.02,67.72,32.83,31.68
11069,38.35,147.84,36.65,62.52,33.74,28.33
11073,42.36,213.4,42.52,67.91,37.32,31.48
11084,36.54,158.18,37.6,66.34,31.18,30.5
11090,42.32,197.12,40.79,70.71,36.34,33.72
11104,39.09,188.76,40.51,71.46,33.39,34.12
11109,39.8,190.96,39.57,71.06,35.71,32.86
11115,41.5,205.04,40.87,73.82,37.24,33.41
11118,42.72,225.28,41.97,72.32,36.73,33.21
11120,38.15,184.8,39.92,72.4,32.87,34.71
11148,37.05,146.52,35.63,66.02,33.07,29.75
11167,38.31,154.0,37.09,65.67,33.46,28.49
11184,36.69,162.36,37.99,67.13,32.68,31.36
11189,41.5,194.26,40.63,68.19,36.34,30.81
11192,40.47,185.24,41.06,68.39,34.88,31.68
11224,36.89,149.16,37.2,66.89,30.75,30.06
11231,37.17,164.56,36.97,72.28,30.51,32.78
11233,40.43,184.36,40.12,70.16,34.45,33.06
11239,41.38,198.66,41.57,70.94,37.09,32.27
11255,38.07,168.52,38.03,69.65,31.18,32.03
11291,37.64,153.12,37.36,66.22,33.03,30.26
11297,40.83,185.24,39.65,71.38,34.69,33.41
11300,45.24,192.94,40.24,67.56,34.13,31.52
11330,41.54,165.22,38.31,65.87,30.59,31.24
11346,37.36,166.32,37.95,71.18,33.19,31.83
11377,37.76,185.02,39.17,69.45,32.01,32.31
11406,37.32,156.2,37.32,66.89,31.65,30.65
11421,37.48,152.9,35.43,68.62,29.29,34.47
11422,37.24,141.46,36.34,66.34,31.42,30.3
11431,36.73,160.6,37.68,67.17,32.99,32.78
11432,39.72,187.44,40.63,72.36,34.13,32.54
11466,37.13,151.14,36.3,70.31,31.57,33.45
11469,34.65,130.68,35.0,68.43,28.35,33.06
11473,36.65,154.66,36.73,67.24,31.42,32.58
11476,36.06,145.86,35.04,67.87,29.84,32.15
11506,38.39,167.64,38.11,66.93,33.62,29.31
11511,38.19,157.3,36.77,68.94,29.76,31.32
11515,43.35,217.36,43.03,71.85,37.99,31.52
11535,41.81,210.98,43.62,66.57,37.32,30.97
11541,41.18,179.74,40.12,67.2,34.69,30.26
11555,39.84,172.48,38.54,68.03,32.91,32.27
11588,40.83,200.86,40.31,74.96,33.27,34.35
11622,39.21,174.24,38.94,67.99,30.35,31.6
11628,42.91,217.36,42.6,73.07,35.67,32.5
11635,39.25,192.72,41.81,68.15,35.28,31.05
11762,35.71,149.16,36.89,65.08,30.16,30.22
11764,39.33,176.22,40.35,66.89,35.2,30.46
11788,40.98,229.46,43.31,76.38,35.98,36.64
11792,40.71,170.94,39.13,66.42,34.21,29.47
11800,35.91,155.98,36.22,67.91,31.26,31.87
11807,35.91,155.32,36.93,69.25,30.08,32.82
11808,37.17,147.62,36.89,70.55,31.02,31.99
11810,38.78,168.08,38.78,66.93,32.72,31.05
11812,38.35,169.84,38.78,68.62,31.18,31.56
11816,39.57,181.28,41.73,67.52,35.31,29.71
11818,38.27,161.26,36.14,73.82,30.59,34.59
11832,42.6,193.82,42.4,64.96,36.46,29.31
11845,39.41,177.32,38.39,68.78,33.15,30.77
11881,38.15,162.36,37.48,68.82,31.54,31.48
11885,38.74,187.88,40.16,70.98,31.26,34.12
11897,39.37,175.34,40.43,69.88,33.11,32.5
11900,45.0,238.04,44.49,72.44,39.06,33.65
11916,38.74,172.26,38.9,69.41,32.24,31.83
11933,34.41,134.64,34.49,68.35,28.39,31.76
11959,38.94,165.0,39.96,68.19,30.67,30.85
11962,41.57,182.38,39.17,68.19,34.72,31.24
11964,43.9,194.04,41.06,67.48,38.9,31.2
11972,38.23,175.34,38.46,69.41,32.95,33.09
11974,37.8,141.68,37.05,64.96,31.34,28.76
12003,39.8,172.7,39.65,65.12,35.51,29.12
12013,37.56,152.68,38.19,67.95,32.4,31.09
12016,39.57,192.28,39.84,72.56,34.84,34.04
12036,39.02,183.26,38.98,73.15,32.4,34.67
12056,38.58,163.68,37.4,67.13,31.3,30.1
12058,40.67,175.34,38.27,69.29,34.96,31.01
12059,39.33,168.3,38.54,70.16,31.1,31.76
12066,36.73,156.86,37.24,67.99,30.28,32.46
12095,40.2,179.52,40.94,67.44,33.66,30.1
12105,46.73,229.02,44.96,67.48,40.87,30.97
12149,33.5,137.28,35.83,65.67,29.8,29.55
12192,38.98,189.2,39.84,71.42,34.76,33.25
12228,32.87,114.4,31.69,63.46,27.24,30.1
12240,35.2,151.36,36.18,70.59,30.87,32.98
12252,39.33,182.38,40.0,69.37,33.31,33.41
12253,35.75,144.76,36.02,73.23,30.0,34.04
12289,37.99,177.1,39.8,68.54,33.74,31.99
12296,35.79,143.22,36.14,65.83,30.87,29.91
12305,41.97,194.26,41.02,70.87,34.57,32.23
12307,46.1,202.18,41.14,67.05,39.09,28.29
12323,40.87,182.6,38.94,69.8,34.45,32.07
12329,42.44,192.72,40.75,69.76,35.87,31.6
12344,38.54,189.2,39.96,72.24,32.72,35.54
12348,38.54,188.98,42.4,66.42,34.61,30.34
12480,37.2,188.32,39.84,69.49,31.93,33.76
12534,33.23,126.28,34.33,66.3,28.58,29.51
12578,37.44,161.26,36.54,68.58,31.69,32.27
12580,35.79,132.0,34.49,62.36,28.9,29.2
12587,35.43,152.46,35.04,71.06,29.57,35.42
12591,43.62,198.0,41.26,67.99,38.15,31.6
12594,37.44,159.06,37.2,68.62,30.91,32.54
12616,38.82,166.54,38.03,68.62,34.21,31.56
12629,37.28,159.72,37.56,67.95,31.65,31.28
12642,37.17,139.92,35.28,67.24,32.05,30.65
12655,40.79,188.32,38.9,70.2,33.07,31.32
12657,40.91,189.42,40.47,70.67,35.2,32.31
12678,40.0,190.08,41.34,71.93,35.0,33.06
12713,35.08,141.24,36.54,67.91,28.62,32.58
12729,35.67,154.22,36.54,71.06,30.2,32.15
12765,37.91,164.34,38.94,70.12,32.05,31.44
12771,37.68,159.28,38.86,64.61,33.74,30.14
12796,45.39,221.32,42.99,70.98,40.47,32.35
12813,40.2,178.64,39.53,69.06,34.25,32.23
12814,45.35,203.28,40.51,67.24,39.25,31.32
12815,39.49,209.88,40.75,75.91,32.64,37.39
12825,38.23,165.88,38.35,67.87,32.8,31.36
12833,42.36,223.74,44.41,71.3,38.23,33.29
12838,38.62,163.46,37.83,68.7,31.46,31.52
12841,34.49,134.2,34.29,68.19,28.82,33.13
12851,44.37,210.32,42.48,69.02,38.78,33.41
12877,39.61,187.0,38.35,70.67,36.57,32.82
12888,40.59,185.9,39.65,69.72,35.87,31.28
12906,34.49,137.5,35.16,67.6,28.62,31.01
12923,35.08,143.22,35.12,64.53,29.25,29.79
12926,39.06,168.3,37.8,66.38,33.78,29.71
12927,36.02,141.24,35.2,69.69,30.63,31.01
12928,43.23,211.86,43.5,71.38,39.96,32.98
12929,44.41,208.78,42.05,71.57,36.02,33.13
12931,44.09,232.54,42.99,76.14,38.43,35.77
12937,38.27,159.5,36.3,70.16,31.38,31.87
12956,35.47,144.98,37.36,66.85,30.59,29.87
12960,34.72,147.4,35.55,71.34,28.82,35.5
12964,40.75,171.6,38.66,63.98,35.63,27.07
12968,38.98,178.2,40.43,68.7,35.63,31.36
12969,39.06,182.6,38.03,70.43,32.4,33.49
13022,33.35,131.34,34.65,67.52,26.69,30.89
13165,37.48,150.26,36.61,66.38,30.83,29.51
13168,36.06,151.36,37.4,64.57,32.72,29.75
13170,39.09,163.46,37.91,66.34,33.74,29.47
13173,34.96,136.18,35.43,68.07,30.16,32.7
13180,37.52,144.76,37.91,63.58,31.61,30.1
13181,33.86,126.5,34.57,67.64,28.86,32.62
13182,40.71,188.76,40.87,69.92,36.73,31.95
13197,37.95,159.5,36.89,71.69,32.09,33.8
13198,41.77,179.08,37.36,68.5,33.82,32.74
13219,37.05,157.3,36.89,69.96,29.69,33.92
13252,42.64,188.54,39.25,70.0,36.22,32.66
13261,36.85,164.78,39.41,66.85,32.76,30.1
13283,35.59,154.44,37.01,72.09,29.33,34.63
13287,42.36,208.56,42.17,71.89,37.01,33.69
13292,39.92,158.84,37.4,64.09,32.44,28.17
13296,37.17,158.84,37.13,67.4,31.54,30.65
13300,43.07,199.98,42.05,70.63,37.68,33.06
13386,41.69,190.74,41.06,67.76,34.76,31.17
13398,38.66,182.38,39.53,70.75,33.35,33.84
13443,38.31,159.72,38.19,68.82,33.03,31.6
13454,36.73,143.44,35.75,70.28,29.61,32.27
13480,36.81,143.66,36.02,66.38,33.11,29.71
13482,42.32,206.58,42.17,71.14,33.86,34.43
13498,41.73,169.62,38.78,65.67,35.39,29.63
13511,37.68,171.38,35.67,72.01,31.18,35.42
13543,37.2,178.86,39.69,72.01,30.94,34.67
13569,37.01,153.12,38.46,63.98,31.38,28.02
13570,41.65,176.0,39.37,67.09,36.61,29.71
13580,40.67,191.4,40.2,68.5,35.2,30.97
13582,36.46,162.36,38.66,68.15,31.34,31.91
13632,38.62,170.28,39.13,69.33,32.76,32.46
13634,40.59,187.88,39.92,69.37,34.88,32.98
13638,36.61,156.86,37.05,67.44,30.83,30.1
13641,37.8,160.38,36.5,72.64,32.17,33.8
13642,35.24,162.36,36.18,70.59,30.0,32.03
13660,36.61,146.3,36.02,66.73,30.12,31.48
13763,40.08,172.04,39.41,68.23,34.45,30.1
13775,41.65,184.8,38.94,70.94,33.66,33.02
13785,41.46,178.86,38.43,67.99,33.54,32.23
13787,39.72,165.44,37.32,69.96,32.48,31.8
13806,35.31,160.82,39.13,65.63,33.11,29.59
13809,37.48,166.32,36.65,72.36,31.89,36.13
13810,41.65,173.8,38.9,66.22,34.76,30.73
13811,37.28,186.78,40.12,72.6,33.19,35.06
13814,39.49,184.36,38.86,68.82,36.3,31.64
13817,39.72,175.34,39.61,68.19,33.15,31.99
13824,38.78,158.62,37.76,68.23,29.41,32.11
13825,40.67,178.64,39.61,65.55,34.02,29.0
13831,35.59,153.12,37.83,72.56,30.67,34.87
13886,39.06,165.22,37.72,69.37,33.58,33.61
13900,42.8,223.08,44.69,70.87,38.23,34.35
13925,38.07,147.84,36.26,67.91,31.06,31.99
13933,39.25,190.74,40.35,71.14,32.48,34.83
13947,42.91,222.86,42.64,74.02,38.19,35.97
13949,36.18,143.44,35.63,72.95,29.37,35.46
13965,39.61,162.36,38.31,66.54,33.98,29.75
14046,36.06,146.3,36.3,71.77,30.31,34.16
14054,37.87,137.28,36.5,64.09,31.34,29.04
14079,38.11,157.52,37.44,69.09,30.63,32.11
14082,41.02,205.7,41.5,73.07,35.47,33.57
14127,39.84,188.98,40.12,71.42,33.9,33.37
14141,35.2,150.26,35.63,69.57,29.88,32.31
14142,42.01,197.78,42.8,70.71,37.48,32.11
14156,45.28,240.68,44.57,72.68,39.69,33.33
14158,42.6,204.16,40.47,72.05,34.8,32.66
14174,37.48,157.3,36.34,68.03,31.34,32.35
14182,36.18,143.88,35.67,65.67,30.16,29.91
14184,38.39,168.3,39.57,67.13,33.19,30.69
14190,41.14,212.3,41.42,73.62,35.94,36.6
14192,38.58,169.4,39.37,63.74,31.89,27.54
14198,36.97,145.2,36.06,69.37,29.21,32.35
14199,35.31,147.4,36.54,67.36,29.33,30.26
14201,39.49,169.62,38.74,70.2,32.05,32.31
14208,38.19,164.12,37.56,70.2,32.99,32.82
14216,45.08,186.12,38.82,68.58,36.22,31.05
14224,37.24,162.58,37.44,69.21,30.63,32.94
14227,43.82,209.0,41.3,70.2,37.24,32.78
14238,40.67,185.02,40.12,69.33,34.76,32.66
14239,41.02,186.34,40.04,70.91,33.9,34.94
14240,42.68,221.98,43.58,72.09,37.72,34.47
14246,34.57,135.3,35.83,67.2,27.99,30.1
14258,35.51,150.04,36.54,71.3,29.84,33.25
14277,33.54,130.02,33.82,65.39,28.66,29.59
14278,37.68,159.06,36.57,67.99,31.81,32.15
14291,37.09,140.8,35.24,67.4,29.69,30.85
14355,37.56,166.76,37.2,72.83,31.34,33.21
14356,42.05,180.84,40.91,68.7,36.93,31.8
14357,37.6,155.54,36.73,69.92,29.65,33.37
14359,41.34,189.2,38.78,72.95,35.94,33.65
14362,38.9,172.92,38.11,69.76,31.57,33.72
14363,39.57,168.52,37.8,67.13,32.13,31.56
14364,39.84,196.9,40.75,71.69,34.65,35.02
14371,40.91,194.7,40.79,67.17,36.81,30.02
14372,43.46,214.72,43.62,69.65,37.44,33.37
14375,43.35,196.02,40.39,73.15,37.4,32.7
14377,38.74,161.92,37.68,67.56,30.94,30.89
14382,37.28,143.66,35.87,65.87,31.22,30.65
14386,38.07,146.3,36.22,68.78,29.72,32.11
14394,36.26,141.02,36.1,68.58,28.58,31.6
14398,39.61,189.86,40.55,71.3,33.7,32.39
14399,39.61,179.96,38.54,71.14,30.79,32.54
14401,34.02,119.24,33.54,61.42,29.21,26.76
14403,41.02,196.9,40.55,70.75,35.08,32.46
14405,38.07,157.52,37.72,67.72,32.87,30.65
14411,37.05,155.54,36.54,71.06,30.87,35.54
14415,39.33,156.64,36.97,65.98,32.95,30.77
14417,40.67,183.92,39.61,69.33,36.93,32.07
14421,38.43,177.32,38.54,68.98,32.6,30.57
14457,38.54,168.96,37.2,70.28,31.06,34.98
14486,41.3,182.82,38.9,71.69,35.71,33.45
14487,41.61,177.54,38.98,66.34,36.93,29.91
14500,43.23,193.6,40.63,67.32,37.91,30.81
14513,41.26,184.14,38.19,70.75,33.27,32.98
14527,38.23,167.42,37.4,70.39,34.17,32.66
14532,37.64,158.84,38.39,67.83,31.46,31.56
14561,36.73,143.22,36.14,70.94,27.76,32.98
14565,38.82,159.5,37.91,64.65,32.99,29.59
14581,44.49,213.18,43.62,69.88,38.54,31.24
14596,38.43,170.72,39.21,69.88,31.42,33.02
14614,41.22,190.52,39.49,70.55,33.78,32.46
14618,36.97,154.22,37.05,69.37,30.28,33.13
14621,38.78,161.26,36.61,70.43,33.54,31.52
14622,39.8,180.4,39.57,69.25,37.36,31.68
14623,39.57,166.32,38.94,67.95,33.7,32.58
14626,35.16,135.96,34.72,67.01,28.27,31.09
14629,38.86,165.88,37.4,66.93,35.0,30.69
14645,40.51,186.78,39.21,70.67,34.33,33.84
14841,37.68,166.1,37.32,72.44,31.81,33.45
14842,37.48,175.12,39.33,72.09,33.23,33.02
14861,39.25,157.74,37.2,66.85,30.12,30.42
14894,42.2,188.32,39.92,67.24,34.65,30.06
14900,37.83,156.86,37.56,67.05,30.91,31.36
14917,44.65,217.8,42.56,71.26,38.39,32.43
14947,40.63,181.5,39.45,70.55,31.97,31.36
14954,39.53,173.36,40.12,67.32,32.09,31.6
14958,37.95,162.36,38.03,66.46,32.87,31.13
14959,36.5,157.52,36.38,67.4,30.31,32.58
14962,38.35,169.62,38.86,69.37,33.86,32.78
14966,38.39,180.4,39.69,70.59,34.41,31.56
14971,41.26,189.64,41.02,68.74,35.79,30.57
14972,37.91,193.38,42.01,72.68,31.93,34.67
14975,34.8,142.12,36.5,68.78,31.77,31.8
14987,40.2,165.22,37.72,69.09,31.22,33.76
15006,40.31,179.96,40.31,65.98,33.31,28.96
15007,40.75,174.68,38.27,72.05,31.5,33.88
15012,37.91,161.26,37.87,66.26,33.19,29.67
15014,36.18,145.64,35.35,67.91,30.51,31.64
15016,41.18,195.36,41.54,71.89,35.98,33.88
15026,40.71,165.88,39.21,68.66,31.1,32.46
15045,38.03,163.24,37.99,68.62,31.69,32.27
15050,37.09,158.84,37.17,69.09,30.43,31.91
15067,42.91,195.36,41.77,67.8,36.85,32.46
15082,37.72,146.96,36.54,67.83,31.97,32.43
15125,33.74,120.12,32.76,66.54,28.31,32.35
15130,36.97,143.88,36.89,67.99,29.33,32.15
15131,36.34,145.86,36.3,66.97,30.35,31.6
15133,40.16,167.2,37.64,69.17,32.36,31.52
15138,38.43,156.42,37.48,67.05,30.39,30.73
15144,43.74,218.68,42.48,73.11,35.75,35.22
15169,39.17,179.96,39.33,68.39,34.57,31.83
15174,37.99,157.52,37.28,64.84,32.36,29.75
15353,37.95,171.16,38.58,72.28,31.61,35.26
15365,45.63,214.72,43.19,71.06,38.7,33.84
15404,40.04,175.34,39.17,67.95,35.2,30.61
15438,39.61,175.12,39.41,69.49,34.69,31.05
15441,33.27,119.46,33.98,67.91,28.31,31.56
15461,38.27,163.24,39.41,67.44,31.61,30.38
15476,42.87,196.9,39.53,68.94,39.06,31.52
15546,39.13,168.3,38.07,67.83,31.46,29.98
15561,41.18,163.46,38.98,65.79,34.8,29.16
15669,42.24,197.34,40.39,72.56,36.02,34.63
15676,50.12,238.04,44.84,71.34,41.02,32.78
15678,38.19,162.8,39.49,68.7,32.72,31.44
15679,40.2,187.88,41.06,67.2,35.59,30.57
15680,40.24,177.98,38.86,68.35,33.9,30.14
15683,36.26,163.9,37.87,72.24,31.26,35.42
15686,35.87,168.96,37.36,71.85,31.14,35.02
15692,39.57,170.5,38.98,69.69,31.18,31.32
15694,41.73,181.28,38.58,67.99,34.61,30.69
15702,39.13,175.78,38.03,70.0,34.57,32.7
15705,44.09,185.24,39.61,67.36,37.32,30.61
15711,41.02,200.64,40.55,74.88,38.35,34.87
15722,36.46,175.78,41.61,68.03,32.44,31.36
15724,38.11,173.14,38.54,73.31,31.3,33.72
15727,40.16,186.34,39.33,69.37,33.43,31.52
15731,36.38,155.54,37.05,71.34,31.38,32.74
15736,36.77,169.62,39.96,69.8,30.43,33.69
15753,37.13,170.06,38.9,69.53,32.64,31.4
15754,38.78,163.68,38.35,67.52,32.83,29.94
15755,38.07,165.88,37.95,65.47,30.67,30.77
15756,39.29,182.6,39.8,69.06,33.46,30.81
15760,38.82,179.08,39.72,70.75,33.35,32.7
15765,35.59,161.7,37.76,68.86,29.53,33.53
15770,40.51,206.58,42.01,72.68,35.0,33.45
15776,41.14,192.94,41.69,70.28,35.59,35.02
15781,41.1,172.26,37.24,67.2,34.21,31.2
15782,37.56,159.28,38.03,69.09,34.37,32.39
15797,42.28,197.12,41.65,71.1,36.3,35.38
15799,39.09,156.64,37.83,64.09,34.06,28.72
15800,39.29,182.16,40.71,69.57,33.5,31.17
15821,37.52,174.02,38.5,71.3,34.06,32.58
15830,39.61,151.36,35.75,66.26,32.64,30.81
15846,39.02,165.22,38.11,67.05,30.79,31.6
15865,37.01,162.58,37.64,66.69,32.52,31.8
15896,43.15,220.0,40.87,73.7,38.66,35.73
16179,35.79,132.88,34.37,64.06,28.66,28.76
16182,38.19,173.58,39.25,69.8,32.99,31.8
16200,36.3,149.6,36.1,67.4,30.83,32.82
16214,37.13,150.48,35.28,70.55,29.92,35.3
16256,41.18,186.56,40.0,69.13,36.77,31.91
16259,37.8,162.8,36.46,70.39,31.5,33.06
16271,38.31,165.88,39.37,65.51,32.64,29.43
16283,39.84,183.48,40.39,69.29,34.25,30.89
16330,39.09,178.86,40.55,68.03,33.94,30.85
16351,37.01,162.36,36.57,70.24,30.39,31.4
16514,41.02,183.04,40.0,70.51,33.5,33.8
16522,44.29,214.94,43.39,69.25,38.86,31.8
16540,35.0,130.46,34.57,63.5,27.8,29.08
16558,34.96,152.46,37.91,68.23,29.92,31.28
16565,37.8,166.54,38.19,67.83,32.87,31.2
16567,44.41,199.54,41.73,66.89,37.99,30.65
16570,38.5,152.02,37.68,64.41,33.7,29.47
16612,40.2,184.14,40.94,67.76,34.57,30.89
16633,41.06,203.28,40.87,73.74,34.84,35.69
16665,35.55,153.56,35.51,67.87,29.29,33.09
16673,36.65,167.86,39.61,66.1,30.63,30.85
16681,42.24,200.86,43.07,72.95,36.42,34.47
16684,40.47,173.8,38.94,71.69,35.12,31.28
16689,37.01,134.2,33.7,67.28,30.04,31.8
16690,42.36,194.7,39.65,72.13,36.73,32.9
16693,42.72,196.46,38.98,72.72,32.68,34.98
16699,39.72,174.02,37.48,72.2,31.3,34.71
16701,42.32,205.7,41.85,68.19,37.91,30.61
16704,41.34,181.94,40.0,70.67,32.17,32.43
16706,40.43,187.88,41.1,65.87,32.95,31.8
16717,41.46,181.5,40.98,65.91,36.26,29.63
16720,38.15,181.06,40.04,70.94,32.2,32.54
16723,38.15,153.56,36.54,67.76,30.2,30.61
16737,50.43,257.18,43.43,72.6,41.5,33.13
16745,35.24,138.16,36.02,68.03,28.58,31.6
16791,39.02,163.02,37.87,66.69,31.5,30.65
16794,38.15,162.36,38.35,67.24,30.98,29.63
16799,37.13,153.34,37.09,69.29,29.84,32.46
16813,37.6,167.86,39.72,69.84,32.64,32.31
16817,42.52,200.2,40.35,72.6,35.31,33.96
16820,38.39,171.82,38.5,68.58,32.52,32.11
16826,37.24,155.54,35.75,69.84,29.45,32.66
16827,37.48,156.86,38.54,68.62,30.83,30.22
16834,40.63,186.56,40.71,70.79,34.25,33.53
16836,40.94,201.3,40.79,72.13,35.12,33.09
16841,42.64,210.32,41.73,70.75,37.32,32.23
16843,42.28,210.32,42.8,70.55,35.08,33.17
16849,42.01,189.42,40.98,67.44,36.69,30.34
16850,35.91,140.36,35.39,67.52,30.08,30.97
16853,36.61,126.06,34.02,62.17,29.84,29.43
16859,40.47,167.2,37.87,68.66,32.44,32.46
16864,40.04,186.78,39.76,69.17,35.31,30.93
16870,34.84,129.14,34.29,66.3,28.86,29.94
16877,40.71,186.56,40.39,67.48,35.98,30.5
16878,43.27,204.82,40.47,71.54,38.19,32.11
16885,35.98,136.62,33.5,66.06,27.76,29.91
16892,41.77,195.8,40.16,70.79,33.78,33.17
16894,40.35,167.86,37.36,67.01,30.91,30.5
16895,39.21,164.12,37.6,70.59,32.28,32.62
16903,35.12,140.36,34.88,66.69,30.75,30.73
16930,36.97,147.84,36.85,66.85,30.55,30.1
16932,41.3,214.5,42.72,72.99,34.72,33.37
16935,37.95,181.5,40.63,70.71,31.81,32.07
16943,44.96,213.62,41.1,73.15,37.99,33.69
16953,41.81,218.9,44.02,72.52,36.73,33.76
16961,38.23,167.42,36.61,68.19,33.78,30.89
16964,35.55,142.12,35.59,67.8,29.29,29.79
16966,35.79,138.6,35.08,65.94,29.45,30.3
16977,37.28,170.06,38.03,71.22,31.38,32.86
16980,39.53,177.54,39.49,72.87,31.18,33.45
16981,36.34,135.52,34.45,69.21,30.0,33.69
16989,35.47,144.76,36.57,66.69,30.47,30.89
16995,36.54,170.28,38.39,68.11,32.2,31.01
17027,36.22,148.94,36.14,68.5,30.94,31.83
17028,38.27,161.92,36.06,73.5,32.68,36.28
17056,39.61,158.62,37.52,63.5,32.95,28.25
17087,40.28,185.02,39.61,68.27,35.43,32.43
17116,35.43,158.4,36.97,69.41,29.45,32.07
17117,35.75,145.2,35.24,69.61,29.53,32.5
17118,38.27,175.34,38.62,70.47,32.09,33.88
17121,46.06,229.46,43.54,70.0,39.88,33.17
17125,37.48,162.8,37.44,71.06,30.98,33.21
17131,33.07,135.74,34.88,68.27,26.61,32.98
17147,39.69,190.52,38.9,73.54,33.19,33.57
17156,40.16,172.7,38.19,68.74,33.62,32.27
17162,34.49,122.98,35.71,58.94,29.06,25.57
17164,37.91,158.18,37.2,68.82,31.93,31.28
17169,46.46,245.08,44.65,73.5,37.2,33.84
17262,39.02,171.6,39.25,65.75,34.29,30.54
17267,44.13,246.62,43.78,71.97,42.2,31.32
17285,35.67,159.28,39.65,69.21,29.25,31.2
17288,40.04,165.0,37.76,65.87,34.57,30.54
17290,38.62,184.8,39.29,72.05,31.38,33.72
17294,40.75,183.92,39.76,73.19,31.89,34.51
17306,36.34,154.22,36.65,68.43,32.6,31.56
17309,37.36,153.78,36.06,65.28,33.23,30.85
17329,32.91,125.62,32.52,64.49,26.54,31.52
17370,41.02,185.46,39.84,69.65,32.72,31.99
17371,36.14,156.2,36.06,70.71,29.53,34.71
17382,36.89,140.58,35.91,65.28,30.59,30.22
17383,39.41,161.04,38.54,65.75,32.52,29.63
17455,37.28,155.76,36.18,73.35,32.72,36.28
17561,37.52,158.4,37.56,65.71,34.57,29.2
17565,39.33,183.7,40.63,65.55,32.24,30.97
17595,35.83,135.3,35.2,66.97,29.53,30.89
17604,38.98,163.24,37.13,67.83,33.46,31.2
17606,41.42,174.9,39.33,68.66,33.82,31.68
17613,38.31,159.94,38.46,68.19,32.99,31.52
17623,39.92,192.28,40.98,70.55,33.27,34.0
17626,38.74,160.82,37.56,67.13,32.24,31.28
17655,35.47,156.2,38.27,69.88,29.69,32.5
17662,39.33,176.66,39.41,65.98,34.57,30.1
17673,40.2,183.48,40.24,69.49,32.48,32.94
17684,42.68,170.06,39.69,68.19,33.94,31.05
17689,37.48,187.0,39.33,80.39,29.88,39.2
17692,38.07,173.8,39.92,67.68,35.63,29.87
17697,42.56,183.7,39.61,69.09,36.89,30.93
17710,40.0,179.74,38.43,74.02,33.58,37.03
17720,37.87,193.6,39.25,74.02,31.81,35.65
17737,41.46,174.9,38.78,65.04,36.22,29.75
17745,44.65,209.22,42.56,69.57,38.35,30.93
18043,42.36,220.0,42.24,72.09,34.8,35.14
18062,41.26,201.3,41.61,72.13,36.85,32.58
18072,38.7,186.78,39.92,72.56,32.95,31.72
18081,42.68,217.36,42.72,72.83,38.78,33.92
18104,43.31,179.08,40.35,66.65,37.28,29.79
18105,42.8,223.08,44.61,73.07,38.54,33.49
18106,38.62,163.24,37.64,71.14,32.09,32.78
18125,40.35,187.22,40.63,70.71,33.07,32.78
18131,39.61,172.48,38.03,71.54,31.65,31.87
18137,34.88,128.7,34.45,67.13,27.36,31.56
18139,38.03,179.3,39.92,69.17,32.6,31.32
18150,37.44,155.32,36.38,68.39,31.89,33.8
18164,44.21,219.56,42.24,71.34,38.43,31.76
18176,34.88,139.48,36.85,66.97,31.14,30.89
18181,38.03,147.4,36.61,67.24,30.63,31.4
18203,44.53,223.52,44.41,70.08,38.58,30.65
18204,39.84,179.52,38.74,69.17,31.42,31.87
18214,44.49,210.1,42.72,70.28,36.34,31.09
18215,39.57,194.48,42.05,69.37,33.54,32.62
18223,40.31,184.8,41.14,65.67,34.84,30.26
18232,38.9,175.34,39.17,74.53,32.32,35.54
18240,36.89,137.5,35.39,65.75,29.61,30.93
18251,39.17,181.5,40.24,71.89,32.28,32.66
18305,37.76,165.0,36.54,72.76,32.09,34.39
18335,38.39,170.06,40.0,67.01,32.6,30.73
18345,35.71,161.7,36.85,72.48,29.57,34.71
18356,35.04,139.04,34.96,65.91,29.8,30.69
18362,38.15,177.98,40.35,67.91,34.61,30.38
18375,40.31,168.52,37.36,68.11,33.86,31.01
18381,40.47,171.38,36.1,66.97,33.78,33.21
18384,37.48,166.32,38.35,67.87,33.03,29.71
18385,38.54,180.62,41.46,70.31,32.87,33.8
18391,39.57,178.86,39.45,69.84,31.18,32.54
18393,43.94,223.3,44.25,68.74,36.73,31.2
18401,44.37,217.58,44.45,67.01,40.04,29.75
18412,38.74,181.72,39.41,72.64,34.53,34.28
18415,40.31,181.06,39.61,69.84,33.74,33.76
18416,41.97,172.7,37.83,69.96,35.08,31.24
18425,42.52,187.22,40.2,67.68,35.47,29.2
18436,38.5,168.74,39.33,69.13,31.46,31.13
18437,36.42,148.06,36.34,66.61,29.76,31.17
18438,40.43,201.52,41.85,70.24,33.46,31.99
18459,36.97,161.26,37.05,74.88,30.51,36.52
18463,37.36,168.08,38.74,71.02,31.06,31.48
18465,37.68,170.06,38.74,69.09,31.73,32.19
18477,38.62,148.06,35.63,68.35,29.8,30.61
18478,35.79,150.48,37.64,66.54,31.93,30.69
18488,34.29,128.7,32.28,68.31,27.52,31.4
18491,41.89,178.64,40.2,68.7,33.7,32.31
18502,43.27,187.88,40.28,66.93,36.3,29.2
18516,40.94,205.48,42.91,70.31,35.16,31.32
18521,41.5,224.62,43.9,72.2,34.96,32.31
18532,40.75,190.3,40.08,69.06,34.96,32.27
18547,39.57,196.24,40.31,72.13,32.32,34.67
18550,32.8,129.14,34.65,64.09,28.94,29.51
18565,35.08,126.94,33.78,66.14,27.52,30.42
18588,40.51,176.0,39.45,68.03,35.2,31.36
18591,38.86,168.3,38.5,69.61,32.95,33.69
18596,40.47,184.8,38.03,72.44,31.85,35.65
18600,38.27,182.16,40.98,68.54,32.01,33.84
18637,41.89,194.04,39.61,72.56,36.69,35.5
18675,36.38,156.86,36.65,65.24,30.63,29.08
18681,40.67,203.28,42.28,73.31,34.61,34.43
18687,35.98,155.76,35.91,70.35,30.31,34.31
18694,38.27,185.24,39.53,72.24,35.51,32.46
18695,37.36,153.56,36.06,69.92,30.67,33.65
18696,37.72,187.22,38.78,71.89,33.43,32.54
18758,34.33,130.24,33.94,63.78,29.76,29.35
18802,36.97,154.66,36.42,72.72,28.82,33.96
18811,40.28,188.1,41.5,70.71,32.2,33.37
18823,40.94,200.42,40.67,71.57,37.09,31.83
18841,36.14,160.16,37.09,70.2,31.34,32.03
18847,34.76,141.9,35.91,67.2,28.43,31.17
18852,35.94,157.96,36.3,70.51,29.06,33.13
18882,31.57,112.42,32.17,63.58,25.98,28.69
18885,36.22,151.36,36.54,68.31,30.39,31.36
18936,37.87,164.56,38.43,69.41,29.65,31.6
18937,39.02,156.86,37.52,66.26,32.76,31.52
18939,36.18,143.22,37.01,67.87,31.61,31.36
18942,39.61,172.92,40.43,70.28,33.31,31.6
18944,36.06,143.66,35.16,66.65,29.72,30.65
18972,35.35,132.44,33.86,66.69,28.35,32.23
18999,37.32,158.4,37.95,67.64,32.28,32.39
19009,42.4,186.12,38.54,68.23,36.54,31.68
19011,36.18,139.26,37.4,63.5,32.32,29.67
19017,35.51,158.84,38.07,69.92,31.81,34.2
19030,36.73,144.32,35.51,66.93,28.86,31.68
19046,36.89,158.18,37.24,67.13,31.97,29.79
19056,38.86,183.48,40.71,69.13,34.06,31.09
19061,39.61,172.92,37.13,72.83,34.33,33.84
19067,38.15,177.76,38.86,70.28,33.11,32.78
19091,34.53,139.26,36.81,66.46,28.46,30.81
19092,35.98,140.14,35.39,65.39,29.45,29.08
19100,41.14,194.92,40.35,72.05,36.26,33.53
19110,38.19,188.54,39.96,75.2,31.22,35.93
19125,38.74,172.26,38.74,69.37,31.22,30.89
19139,41.85,199.98,39.09,72.2,32.52,34.98
19144,35.59,146.74,35.94,69.57,29.29,31.2
19160,37.64,164.34,37.17,67.17,31.93,31.48
19177,39.41,179.74,39.09,69.88,34.57,32.54
19178,34.17,138.16,34.53,66.65,28.74,31.28
19180,37.36,144.32,36.02,65.87,29.65,28.88
19181,35.83,139.26,35.24,67.52,29.49,31.01
19195,37.01,159.06,37.52,68.78,30.67,32.78
19209,36.3,154.22,36.22,70.35,29.09,34.04
19214,43.46,207.24,41.89,68.62,37.17,31.91
19236,39.92,174.68,38.98,66.65,36.46,31.6
19242,40.2,196.24,41.38,69.37,32.09,31.36
19244,40.08,167.2,37.4,67.28,34.96,29.94
19344,39.57,187.66,38.86,71.26,32.87,35.81
19399,36.14,143.66,35.43,66.69,30.31,29.47
19400,40.16,190.74,41.57,69.84,35.94,32.35
19418,38.03,163.9,38.03,70.39,30.08,32.15
19448,41.06,207.46,40.83,72.72,35.16,33.69
19469,39.06,174.02,39.57,69.25,32.6,33.17
19477,37.17,151.8,36.85,67.91,30.47,31.09
19479,38.78,172.04,37.09,70.67,32.48,33.8
19484,37.99,167.64,37.52,70.12,32.28,32.58
19489,40.67,187.0,40.51,67.13,35.08,32.03
19497,37.13,156.86,37.28,69.61,30.75,32.74
19511,34.53,123.64,33.39,65.51,27.72,29.87
19513,39.69,178.86,40.79,68.66,35.71,30.26
19518,45.08,215.6,41.69,73.15,38.39,34.2
19579,39.84,189.86,39.69,73.62,34.49,34.55
19601,37.8,150.48,35.75,69.88,30.91,31.87
19636,42.91,202.4,42.72,69.41,35.2,31.28
19647,42.36,196.02,42.28,69.76,36.3,31.52
19656,38.9,180.62,38.39,73.54,31.73,35.61
19731,40.12,185.68,41.73,71.85,32.4,33.17
19732,37.44,157.52,35.87,68.58,32.6,30.57
19870,36.61,145.64,35.31,72.24,29.8,35.14
19983,41.34,191.4,40.43,68.03,35.24,31.28
19985,37.52,142.34,36.14,62.99,32.05,29.31
19986,38.66,171.82,40.43,69.37,30.98,32.46
19995,39.02,198.44,40.0,72.64,33.43,34.0
19999,41.69,202.4,41.26,71.73,36.26,33.09
20003,41.14,186.34,40.35,69.65,34.25,31.87
20052,43.7,232.98,45.35,69.69,36.38,32.98
20060,41.61,175.78,38.78,69.49,34.21,31.83
20069,37.13,161.04,37.4,69.25,32.36,32.7
20070,36.65,131.12,34.13,64.8,28.23,29.63
20071,39.92,163.46,39.02,67.83,31.3,31.76
20073,39.09,171.38,38.66,68.62,32.13,32.86
20081,37.24,160.6,37.76,68.39,30.43,30.18
20097,40.75,195.8,40.35,71.3,33.94,33.8
20100,38.98,167.86,38.66,67.83,31.81,29.51
20118,38.86,172.48,39.29,67.36,32.32,29.31
20119,37.87,162.14,37.68,68.7,31.26,30.14
20159,34.25,136.18,35.51,63.58,29.57,30.18
20188,38.31,168.3,37.68,69.88,30.43,32.31
20197,41.61,174.68,40.98,66.42,36.14,30.02
20205,39.61,178.64,38.66,70.31,33.19,31.48
20366,34.49,118.36,33.31,64.84,27.56,30.42
20387,41.02,178.64,39.53,69.49,35.16,31.48
20411,39.13,173.14,39.13,70.67,32.44,32.86
20423,39.61,166.98,39.8,65.79,33.5,29.63
20424,37.91,163.46,37.87,71.85,30.63,32.82
20435,40.43,198.0,41.42,73.98,33.27,35.61
20436,35.63,139.26,35.67,66.73,30.12,30.14
20437,40.47,178.2,39.13,69.61,34.06,32.62
20438,39.65,171.38,39.61,68.27,33.39,32.98
20439,39.37,170.28,39.06,64.92,33.66,28.8
20441,39.69,201.3,40.75,72.76,33.94,34.71
20442,38.07,165.88,37.6,72.32,32.2,34.94
20450,40.47,206.14,41.22,70.55,37.24,34.83
20452,39.65,165.66,38.43,68.66,32.64,31.17
20453,31.38,109.56,33.31,65.04,25.71,30.34
20494,38.11,148.06,36.5,62.83,33.03,27.19
20495,45.79,240.24,44.41,72.6,39.25,33.37
20497,44.02,218.24,40.31,71.69,39.92,31.8
20503,36.89,150.7,38.11,65.2,32.68,28.84
20505,41.06,177.1,39.61,67.8,34.25,30.77
20516,38.7,170.72,37.8,71.02,32.4,32.94
20520,40.12,159.5,37.8,66.22,33.62,30.93
20525,38.58,196.9,41.73,71.65,32.64,32.54
20529,39.21,171.38,39.06,67.76,33.9,30.61
20549,39.61,185.24,40.63,68.9,33.74,31.91
20571,38.78,168.74,39.06,66.69,32.6,30.14
20575,36.54,152.02,37.95,67.4,30.98,29.75
20580,39.69,186.56,39.8,70.91,33.03,35.3
20583,38.9,169.62,37.56,67.44,31.42,30.57
20585,32.05,117.92,33.5,68.31,26.38,32.66
20586,42.2,184.8,40.63,67.01,37.17,29.28
20609,38.27,157.08,37.8,67.72,31.1,30.77
20635,40.47,187.44,40.43,68.23,34.17,31.68
20651,38.7,166.54,37.56,72.36,33.15,35.22
20655,39.57,181.06,38.94,69.49,36.14,32.62
20657,37.05,150.48,36.73,72.32,28.82,33.92
20667,35.08,131.12,35.55,67.09,27.87,31.01
20674,37.4,154.44,36.46,66.93,30.0,31.24
20696,34.72,135.3,35.2,67.8,28.11,32.27
20703,34.84,130.46,33.19,67.4,28.62,31.56
20704,39.21,188.1,39.53,70.67,32.68,34.43
20705,35.67,132.66,34.57,67.8,28.31,32.46
20714,35.39,145.2,35.08,68.58,29.13,30.69
20730,38.11,161.04,37.64,71.1,31.02,32.58
20735,40.31,179.74,38.58,69.02,32.76,32.58
20770,44.49,197.78,40.79,69.06,38.39,31.76
20843,37.64,175.78,39.13,72.72,33.78,34.24
20849,37.56,176.88,38.31,76.38,30.91,36.28
20865,37.8,171.6,39.13,71.02,35.12,32.9
20874,40.91,172.7,38.58,69.8,34.13,33.45
20878,37.17,164.34,37.64,67.64,31.46,33.21
20880,41.22,183.26,39.88,66.69,36.26,28.33
20896,37.56,162.8,36.77,71.14,31.18,33.45
20899,35.28,136.84,34.33,67.32,27.01,31.09
20916,37.17,185.46,39.88,71.06,35.51,34.91
20923,40.55,172.26,39.49,67.95,32.99,29.59
20932,47.64,229.46,43.46,72.48,40.67,34.2
20963,38.94,180.4,39.8,70.16,31.81,32.5
20965,39.17,201.96,42.52,73.03,33.54,35.81
20968,35.59,143.66,36.65,67.6,28.7,30.81
20969,39.06,185.24,39.61,73.66,33.11,34.63
20970,38.78,152.68,36.02,68.78,32.48,32.31
20976,41.34,198.66,43.39,69.13,35.55,30.69
20980,41.22,190.96,40.71,68.43,34.41,31.13
20983,43.62,227.7,44.92,72.64,36.81,34.63
20984,37.64,149.38,37.13,67.64,31.46,30.38
21093,36.38,161.26,36.42,69.53,30.87,33.76
21101,43.66,217.14,42.52,73.7,37.83,34.91
21117,37.99,174.24,39.17,68.62,32.44,30.22
21131,37.24,168.3,39.13,67.95,32.28,30.61
21134,41.65,220.88,44.69,70.28,35.08,32.86
21141,43.03,206.8,42.32,72.52,36.57,33.13
21149,35.87,144.1,35.63,69.84,28.78,31.2
21167,37.01,186.34,41.02,73.03,31.1,33.76
21175,39.09,181.28,39.37,69.02,31.69,31.56
21183,39.96,177.76,38.07,70.87,31.18,32.58
21188,39.88,196.9,40.12,71.65,33.86,34.39
21193,38.86,163.02,38.74,68.98,31.38,32.5
21195,36.73,152.9,37.24,69.61,32.01,31.44
21229,37.13,168.74,39.8,68.27,35.2,32.23
21234,39.72,195.36,40.08,72.28,35.71,33.49
21340,39.29,168.96,37.52,64.69,34.13,30.46
21343,36.97,148.28,35.83,67.05,31.38,32.43
21347,37.09,163.46,37.24,70.55,31.54,32.98
21378,40.67,187.44,38.7,72.24,33.35,36.28
21384,37.83,133.32,35.04,65.51,29.72,30.65
21385,39.41,162.8,37.44,66.73,31.61,30.02
21412,34.02,128.92,33.11,66.34,28.54,32.07
21414,35.59,146.96,36.18,71.65,29.37,32.74
21461,42.09,201.3,41.38,68.62,38.46,31.28
21462,39.49,178.64,40.43,67.05,34.33,30.18
21465,36.3,144.1,35.83,66.69,29.33,32.03
21469,42.44,215.16,42.8,71.18,38.46,34.04
21475,32.2,122.54,33.35,65.12,27.99,30.42
21478,35.79,186.34,38.78,75.39,31.73,36.4
21508,37.99,155.76,38.19,64.76,34.29,29.16
21510,41.1,181.94,39.06,69.29,33.58,32.62
21524,41.97,193.82,41.81,69.06,36.42,33.25
21541,44.69,204.82,42.52,67.6,41.34,29.47
21545,45.12,200.64,42.36,65.28,40.94,28.49
21573,41.38,206.58,42.05,73.31,35.39,33.84
21590,42.2,226.6,44.8,70.51,35.87,32.82
21596,36.93,151.36,35.24,68.43,30.83,31.09
21598,36.73,142.12,35.51,65.43,29.57,29.83
21608,38.5,164.78,37.64,71.38,33.19,33.45
21618,39.84,180.18,39.53,70.31,33.62,33.88
21636,41.77,185.24,41.22,64.61,35.24,29.0
21699,41.1,187.44,41.34,66.34,36.57,30.97
21717,39.92,160.38,36.97,68.46,32.48,32.62
21720,35.67,133.1,34.96,67.13,30.04,31.83
21723,43.15,194.92,40.75,72.32,34.65,34.04
21736,37.64,172.7,41.26,66.85,32.87,30.65
21738,40.16,167.2,38.15,67.91,30.55,32.58
21739,41.3,201.08,39.33,74.69,31.89,37.58
21749,41.3,204.6,42.13,70.71,34.17,32.54
21770,38.94,181.94,40.94,71.06,32.8,32.27
21772,36.14,152.24,35.98,68.03,28.9,32.23
21778,38.9,175.34,39.72,65.75,33.98,28.57
21794,41.54,201.74,42.44,70.83,36.14,31.24
21807,47.24,238.26,45.16,69.72,43.43,31.2
21822,41.54,205.04,43.07,67.52,37.99,30.57
21823,41.22,175.78,39.8,68.82,32.68,32.74
21832,38.43,168.52,37.64,71.3,31.85,33.06
21845,40.12,175.56,37.87,71.97,33.54,32.9
21861,39.53,179.52,39.65,70.79,32.8,32.62
21862,38.39,157.74,36.93,69.21,32.01,32.07
21872,44.06,250.14,46.06,73.43,38.39,34.16
21877,40.43,190.3,40.98,69.57,34.61,32.15
21880,38.54,168.52,39.06,68.7,33.7,30.89
21881,36.46,155.32,38.07,66.73,30.43,29.75
21885,38.19,161.48,38.27,71.77,31.57,33.41
21895,39.25,185.9,39.09,72.05,32.52,33.88
21899,42.01,199.98,41.65,73.19,34.65,35.26
21900,41.34,173.14,37.44,66.06,37.52,30.1
21902,36.26,141.24,36.54,67.05,28.5,29.98
21904,45.39,222.42,43.03,74.25,38.23,35.06
21905,37.52,166.98,38.94,67.36,32.24,32.23
21911,38.07,162.58,37.95,67.13,32.91,30.54
21913,39.45,177.98,38.9,72.83,32.28,34.59
21915,36.38,137.06,36.3,66.06,27.99,29.98
21917,40.35,165.44,37.01,69.02,34.02,32.19
21918,42.48,199.32,42.87,68.74,38.27,31.28
21925,38.43,164.34,37.56,68.94,30.91,33.06
21942,38.15,154.88,36.34,70.24,31.61,32.86
22212,41.73,203.94,41.34,72.28,37.83,33.06
22232,45.47,233.64,45.08,72.2,37.72,33.92
22269,41.69,164.12,38.74,68.54,34.29,31.4
22273,40.24,185.46,40.35,71.1,32.09,33.49
22277,40.0,171.6,39.02,71.5,30.91,31.28
22281,42.2,203.94,41.3,74.8,36.1,34.04
22282,37.64,156.86,37.68,67.4,32.8,31.72
22287,39.09,185.68,41.46,73.35,32.87,34.08
22305,38.39,163.9,38.07,69.49,35.91,33.84
22314,37.99,150.7,36.06,69.09,29.88,32.07
22323,37.56,161.7,38.31,66.85,34.65,30.02
22327,41.14,196.46,42.17,68.19,36.97,31.4
22329,37.91,166.1,38.11,69.72,30.83,31.6
22332,35.0,153.12,37.2,70.28,30.43,33.02
22348,38.9,185.02,40.08,69.65,33.9,30.81
22349,39.13,174.9,39.06,69.57,32.6,31.32
22352,38.03,160.6,37.44,68.11,32.2,32.58
22355,39.69,169.4,38.19,67.76,33.86,31.36
22533,37.32,168.74,38.15,69.13,32.13,30.5
22559,40.24,177.54,40.0,69.49,33.5,31.52
22608,37.09,141.24,36.3,67.4,28.31,30.26
22611,39.29,156.64,36.34,68.19,29.72,31.68
22613,41.1,176.66,39.53,68.9,35.47,31.09
22614,37.72,163.68,38.78,65.35,32.28,28.65
22627,34.61,138.82,36.22,67.76,28.46,31.44
22630,36.5,143.88,35.16,69.96,27.87,32.7
22641,37.48,168.74,37.91,71.65,32.01,35.1
22648,43.86,215.38,41.42,72.48,38.19,32.27
22649,37.48,164.34,38.39,69.65,31.02,31.91
22664,35.87,157.74,38.74,70.55,31.69,32.66
22672,34.41,139.92,36.42,67.83,29.25,30.77
22691,37.36,141.24,35.43,62.8,31.3,28.17
22704,41.65,198.0,40.51,69.88,32.99,32.31
22706,36.06,130.9,34.84,65.35,28.35,30.38
22738,41.5,195.58,40.75,69.69,36.18,32.46
22748,36.46,136.4,33.9,64.17,31.3,30.61
22757,36.02,163.02,36.3,72.2,29.96,36.05
22758,39.09,160.82,36.69,66.54,32.28,30.65
22779,40.59,181.28,40.12,67.76,34.41,31.2
22798,33.62,141.24,35.43,67.44,27.2,32.62
22880,39.61,185.68,40.94,69.41,34.02,31.2
22896,37.87,157.96,36.42,66.93,31.85,31.72
22906,39.57,189.42,39.45,66.61,35.16,30.38
22924,40.51,183.48,39.61,69.72,34.92,32.5
22929,37.2,141.9,34.96,67.09,30.04,32.27
22942,42.91,205.04,41.73,70.87,34.8,34.31
22986,37.68,160.16,36.93,69.88,30.94,32.31
23189,34.49,143.0,35.94,69.13,28.35,32.11
23191,39.84,186.12,40.0,70.47,33.03,32.54
23192,43.15,208.34,41.65,70.94,36.73,32.98
23193,35.47,131.12,35.12,65.55,27.13,30.61
23224,41.26,181.28,39.25,69.53,32.8,32.35
23243,39.49,188.76,39.72,71.06,33.54,33.17
23260,38.66,159.72,37.6,66.97,36.54,29.59
23262,43.9,230.34,43.43,74.53,37.95,33.92
23304,40.04,196.9,40.24,71.06,35.04,33.33
23305,35.35,159.28,37.76,74.06,30.55,35.26
23306,40.28,203.72,41.77,70.47,37.68,32.03
23318,38.9,188.1,39.84,73.86,31.18,34.51
23363,37.24,145.42,37.72,64.8,31.89,29.08
23411,41.5,196.46,41.93,69.41,36.26,33.25
23423,43.94,248.16,45.87,75.75,37.68,35.02
23431,36.02,154.88,36.26,70.0,30.83,32.7
23439,40.59,193.82,39.65,71.69,34.57,33.92
23444,38.5,173.8,38.74,73.58,32.76,34.31
23450,36.81,157.74,37.64,69.13,31.14,31.72
23458,35.24,151.36,36.61,68.66,29.37,31.09
23460,37.52,170.28,39.09,67.64,32.48,30.26
23461,40.16,165.22,37.32,70.47,31.65,33.49
23465,37.87,174.46,38.43,71.14,32.91,34.47
23469,40.75,197.34,41.5,69.96,36.26,31.87
23472,35.75,151.8,35.94,70.28,29.69,31.87
23476,37.68,154.44,36.57,70.12,31.02,32.39
23480,42.8,223.96,42.13,73.11,39.61,34.24
23485,40.16,171.16,38.19,71.57,33.98,34.79
23492,41.38,165.0,38.78,64.02,36.5,28.37
23493,36.57,170.28,40.04,69.25,32.8,32.46
23496,42.01,199.76,41.85,69.41,35.71,30.89
23510,40.12,177.76,40.87,66.46,33.82,30.73
23544,33.86,136.4,36.06,72.24,28.7,34.24
23563,34.8,147.62,36.22,69.09,30.55,32.5
23567,38.23,161.04,39.41,64.29,33.11,27.98
23590,37.32,144.76,35.79,66.02,30.91,30.73
23591,39.06,158.18,37.4,68.98,31.02,32.43
23592,39.37,168.52,37.56,68.82,33.58,31.64
23593,37.56,168.74,38.66,71.1,33.9,33.88
23594,49.92,273.46,46.26,75.04,44.17,34.55
23595,39.84,210.98,42.13,72.72,34.92,35.22
23597,34.92,137.72,36.26,65.39,30.43,30.34
23600,42.01,203.06,41.61,70.75,36.73,31.28
23602,36.38,149.16,36.06,70.31,29.17,32.11
23603,41.46,198.22,42.36,71.26,35.91,32.66
23605,37.4,149.38,35.79,69.41,30.43,31.36
23606,37.95,180.62,41.81,68.03,34.33,30.5
23614,39.06,191.84,39.92,71.18,33.58,33.06
23615,38.11,169.62,39.37,70.98,32.36,31.52
23617,38.78,167.42,39.69,65.28,33.66,28.8
23618,41.22,166.98,38.94,63.35,35.71,26.95
23619,34.49,128.7,33.66,66.89,28.66,31.13
23624,39.53,182.6,39.69,71.06,31.81,31.56
23625,33.66,147.4,36.3,70.0,28.94,31.36
23626,42.28,210.54,41.61,70.98,36.73,32.66
23648,40.83,201.52,41.54,69.17,37.52,32.03
23650,32.91,126.28,34.37,67.13,28.19,30.61
23668,40.39,175.34,39.61,67.28,32.48,30.06
23701,33.19,121.22,33.35,66.3,29.37,30.34
23706,42.01,185.68,41.54,67.4,36.65,30.5
23714,37.01,159.5,37.72,68.35,30.47,30.69
23717,36.54,154.44,37.44,72.32,32.01,32.66
23722,40.87,172.48,38.31,70.79,35.24,34.04
23741,43.9,225.94,43.74,70.87,39.72,31.83
23804,40.12,181.28,40.71,69.13,32.2,31.28
23807,41.57,190.08,40.51,72.24,32.4,32.66
23809,38.03,155.98,37.72,66.06,33.15,31.01
23812,41.42,193.16,40.16,72.24,33.94,32.66
23835,36.18,137.5,35.75,65.87,32.4,29.35
23841,42.8,200.64,40.91,68.23,37.13,31.28
23842,37.24,174.68,39.8,69.53,30.39,34.16
23848,38.03,184.8,41.89,71.38,35.12,32.7
23864,38.43,172.7,38.86,68.98,35.0,33.02
23868,35.98,140.14,36.02,67.24,28.98,31.32
24063,38.46,169.4,39.25,69.41,33.74,31.87
24092,36.54,147.84,36.42,65.98,30.24,30.69
24101,40.94,179.96,39.41,69.29,32.68,32.23
24102,39.33,173.8,39.49,66.34,33.19,31.13
24132,41.69,177.98,39.33,67.36,33.46,32.46
24139,36.89,155.32,36.65,70.35,30.16,32.15
24140,40.67,169.4,38.39,71.34,33.23,33.49
24142,36.97,145.2,37.48,63.43,30.0,29.16
24152,39.45,166.54,37.05,69.29,31.81,32.03
24171,37.76,151.58,35.75,67.32,32.52,30.34
24173,39.92,163.24,37.2,69.49,34.65,31.17
24175,37.99,145.42,36.18,64.65,30.24,29.67
24177,38.54,159.72,36.93,67.52,30.35,30.38
24180,37.09,152.68,36.77,64.17,32.83,27.07
24182,37.44,139.04,35.83,66.02,31.22,29.71
24186,36.06,140.36,36.81,64.02,31.38,28.13
24187,42.13,189.86,40.83,65.28,37.01,29.94
24192,35.91,143.88,36.18,68.86,31.93,32.5
24205,37.83,167.2,38.54,67.36,32.68,31.6
24206,42.95,197.56,41.61,69.88,36.81,33.25
24209,40.98,190.96,41.69,68.66,36.46,30.97
24212,42.13,184.14,40.0,69.09,33.78,30.97
24214,36.38,161.26,36.02,69.57,29.49,33.53
24216,37.95,176.44,38.31,70.0,31.89,34.39
24229,40.16,152.9,37.36,65.08,33.62,29.51
24276,34.96,134.64,35.87,66.42,28.35,29.91
24371,39.09,195.36,42.48,71.06,34.06,32.58
24400,38.27,177.76,38.07,68.86,33.78,30.57
24413,39.37,166.76,38.11,66.22,32.52,29.67
24414,37.87,155.1,38.03,67.05,31.73,30.85
24415,40.71,187.44,38.62,73.54,33.78,34.35
24423,45.24,230.78,44.09,71.22,40.75,32.27
24450,44.37,212.96,43.43,66.3,41.1,29.47
24453,39.25,183.48,38.9,73.03,33.11,34.0
24463,37.64,167.2,38.35,72.48,32.8,33.21
24473,40.0,180.4,38.58,68.7,34.09,31.76
24509,44.49,221.1,43.46,72.05,36.42,32.15
24514,40.83,191.84,39.33,71.06,32.44,33.25
24532,38.54,198.88,42.44,68.58,33.66,31.48
25923,39.76,182.6,39.57,71.34,31.69,33.76
25926,35.31,151.14,38.43,68.62,30.04,31.09
25929,36.65,157.3,37.52,67.87,29.84,30.89
25930,41.57,195.14,41.46,69.17,36.97,30.89
25931,40.24,189.64,40.04,70.79,31.57,31.52
25932,37.48,159.5,36.97,71.46,30.31,33.41
25935,35.43,142.56,35.2,69.49,29.21,31.72
25936,33.27,121.88,35.04,65.63,27.6,30.1
25938,36.77,146.08,35.39,71.57,30.12,33.25
25939,39.61,177.54,42.13,67.44,32.48,31.05
25940,36.93,157.08,36.69,72.09,29.37,33.33
25945,37.17,149.16,36.81,65.59,31.18,27.86
25955,36.73,151.8,36.02,70.0,28.94,33.06
25963,36.14,151.36,36.42,68.19,29.33,31.05
25965,37.36,145.2,35.04,66.89,29.84,30.89
25967,36.1,155.54,35.75,70.75,29.37,34.39
25968,36.61,157.08,37.76,68.15,31.3,32.74
25969,37.6,165.0,37.56,70.31,32.32,32.11
25971,37.95,169.4,37.87,69.37,31.77,31.83
25972,38.98,172.48,39.37,65.91,33.74,28.72
25978,34.84,151.58,35.67,71.73,29.25,34.2
25979,37.13,160.16,37.4,67.24,30.24,30.42
25983,43.35,196.24,41.57,68.7,36.34,32.31
90001,37.2,139.26,36.81,64.17,30.2,30.22
